1	2	3	4	5	6	7	8	9	10	11	12	13	14	15	16	17	18	19	20	21	22	23	24	25	26	27	28	29	30	31	32	33	34	35	36	37	38	39	40	41	42	43	44	45	46	47	48	49	50	51	52	53	54	55	56	57	58	59	60	61	62	63	64	65	66	67	68	69	70	71	72	73	74	75	76	77	78	79	80	81	82	83	84	85	86	87	88	89	90	91	92	93	94	95	96	97	98	99	100
1373.781773	1478.595494	1539.598229	1476.099638	1629.802742	1680.422549	1827.130967	1902.836212	1998.344566	1491.635249	1621.175423	1555.070175	1645.756092	1972.285764	2349.201372	1467.421835	1988.220416	2410.768065	2112.141041	2690.471283	2768.678546	1611.426841	1911.10056	2016.181743	1501.669523	1540.127099	1760.307164	1824.639177	2154.034871	2025.550588	759.0182454	975.7787201	1027.104493	2339.853131	1531.781878	2276.511471	1989.767868	1138.764774	1362.269084	1773.664609	2274.058099	1331.314831	1386.559394	1357.9518	1288.785356	1936.388755	1702.445332	1810.774466	1852.058018	2116.722259	1364.565866	1669.407458	1630.741125	1685.566069	1786.966558	1717.84776	2123.23059	2059.701796	2073.589842	2204.405108	2158.677188	2366.836827	2463.485242	2539.018964	2902.105209	2577.940624	2163.352716	2527.079348	2727.015231	2587.113119	2954.287837	2165.644787	2296.708748	2216.155101	2515.84298	1983.605086	2270.958837	2112.069413	815.220093	1156.508569	2790.56918	2754.461651	1575.392044	1827.778774	2042.643783	2236.146951	2056.901716	1896.025214	2333.41262	2497.384882	1644.778762	1711.067513	2003.382454	1429.811526	1691.461931	1446.624329	2110.482286	2130.408199	1891.862143	2107.383179
1376.103626	1487.29349	1547.03045	1490.609881	1629.302023	1691.884586	1833.008651	1903.878675	2001.241792	1493.145636	1625.532442	1556.16842	1653.264427	1984.135316	2353.275984	1473.679319	1995.615502	2415.515677	2121.193653	2703.765921	2788.995851	1614.537454	1916.754185	2024.507978	1507.499664	1540.597751	1759.485602	1824.5596	2165.241733	2038.210952	761.1901426	981.8184998	1029.711935	2340.508969	1531.66568	2276.174823	2000.574463	1143.970632	1370.43136	1776.285102	2272.856766	1334.786256	1383.278391	1355.95755	1281.421867	1935.6129	1700.364632	1809.121715	1855.085398	2117.898481	1378.723815	1676.448165	1633.62767	1693.193682	1795.353353	1721.753318	2123.612169	2062.268606	2080.133203	2208.232066	2153.55321	2377.90875	2466.229118	2547.265724	2920.820745	2582.783024	2161.539264	2535.383312	2732.678001	2593.915074	2960.692842	2173.776801	2304.36682	2221.037635	2522.129196	1989.642395	2273.838912	2116.942954	814.835912	1163.767402	2796.011531	2732.098953	1572.699314	1835.752925	2038.280292	2229.731012	2050.04258	1894.629054	2329.427299	2493.279798	1646.370804	1717.599977	2017.866156	1432.543153	1693.611095	1442.405	2104.859242	2129.135035	1891.210112	2109.328474
1379.637851	1477.555971	1544.388123	1478.739356	1617.229281	1696.115379	1834.578244	1914.483262	2010.309615	1503.534183	1626.944822	1560.45471	1651.703349	1984.331974	2357.910883	1472.234011	2004.907474	2408.165303	2128.233667	2687.947993	2774.278032	1623.574183	1920.065771	2030.497478	1513.332206	1543.511185	1764.693127	1828.507004	2158.892572	2037.399763	762.0532203	985.0783714	1028.370422	2333.254193	1537.553778	2273.79299	1998.907588	1145.847594	1373.371246	1781.965108	2268.636762	1335.04417	1390.696081	1365.374476	1290.04698	1946.185494	1705.165028	1815.82167	1858.492104	2125.904438	1378.140073	1667.994247	1630.257012	1682.23214	1799.259655	1731.180827	2129.233635	2073.821884	2079.298928	2212.242116	2162.541878	2383.308174	2464.97808	2541.661937	2904.9135	2586.657394	2165.056009	2540.022242	2727.355376	2588.660431	2946.38815	2175.731134	2300.819468	2219.456977	2524.2997	1985.320604	2276.278519	2112.23693	823.4719945	1169.172645	2792.753263	2720.123263	1578.979929	1835.980296	2051.29538	2234.156741	2055.961347	1900.001451	2329.922841	2489.096662	1643.681687	1723.572507	2011.502484	1435.532302	1693.51826	1454.832281	2121.847503	2135.93536	1897.329549	2115.044034
1382.254468	1486.245602	1568.297782	1484.026011	1626.87927	1715.943626	1835.79943	1919.978348	2025.658377	1507.711824	1645.284068	1563.770157	1653.600001	1998.799098	2378.225275	1479.410915	2004.008251	2429.652984	2136.877922	2707.79524	2800.034886	1620.950452	1926.835694	2024.701143	1512.458742	1544.373668	1762.867637	1835.783623	2175.664026	2052.038688	768.0488135	984.4160238	1032.145563	2349.399472	1539.368172	2282.0994	2004.202895	1147.79366	1379.185937	1785.243182	2274.358742	1345.784151	1390.38312	1368.118372	1291.287564	1948.002543	1705.191794	1816.684896	1875.323023	2132.254893	1370.974234	1687.090817	1648.970121	1694.827668	1819.102862	1757.366275	2148.558887	2087.019252	2097.424097	2225.697798	2166.235591	2386.386703	2486.137163	2575.246897	2941.01708	2609.237278	2182.000637	2544.897826	2754.839893	2610.936217	2976.800236	2166.516323	2317.759755	2227.249122	2525.336191	1990.36786	2283.427364	2129.020592	817.9995137	1164.583749	2805.411299	2735.309386	1579.133687	1843.319512	2042.504565	2228.298902	2056.727884	1908.024689	2337.138457	2496.013075	1654.209848	1722.39822	2031.563193	1443.438172	1700.121372	1459.94094	2115.328165	2137.686711	1909.458321	2126.058182
1399.257506	1487.379246	1578.251005	1482.262542	1634.294679	1729.399265	1833.068585	1929.666461	2038.869644	1510.752513	1637.027595	1562.90583	1656.339335	2002.966243	2391.071848	1481.577092	2003.711051	2438.345123	2135.181321	2717.181795	2802.984944	1629.13517	1932.723823	2021.620476	1520.809387	1544.807469	1776.503329	1856.863878	2182.31709	2060.182977	770.2079806	991.7238256	1035.524441	2360.904509	1541.286228	2299.01711	2020.062463	1152.810929	1384.102626	1792.688982	2283.26854	1347.793304	1398.372691	1376.626233	1291.85955	1966.787664	1716.413412	1828.817613	1864.541319	2142.039938	1387.379018	1699.8076	1657.217562	1702.235686	1828.678949	1768.899408	2156.396327	2097.539981	2102.062228	2236.367619	2179.428609	2412.617318	2507.952137	2599.439039	2957.431643	2622.919325	2187.83661	2554.667989	2761.345791	2631.158419	2987.918362	2179.135903	2324.989724	2230.505081	2533.801718	2005.354059	2301.227941	2137.555132	822.8960632	1168.505576	2812.978535	2753.887509	1585.816004	1840.189322	2065.3709	2249.145382	2071.016095	1919.298373	2348.298727	2500.374931	1671.24082	1741.614767	2041.209652	1459.384816	1713.341587	1467.065742	2134.815357	2145.32588	1904.856517	2132.967975
1389.006899	1485.117754	1573.017783	1482.42789	1632.703167	1737.893473	1826.555518	1928.96746	2038.069706	1509.861767	1648.109557	1570.162088	1658.923428	2002.025186	2396.623038	1478.99512	2001.766153	2438.676984	2133.574354	2707.903117	2799.498185	1627.352322	1932.286453	2017.344749	1520.183126	1545.362567	1772.74042	1854.348362	2175.182354	2062.41819	765.3793959	988.3896598	1032.335643	2360.018237	1542.335628	2301.484668	2013.851012	1153.265332	1384.900975	1791.358241	2282.037526	1352.357346	1400.009188	1376.079342	1294.057963	1970.701563	1717.296959	1823.022863	1869.925156	2148.296832	1381.226572	1689.577725	1652.139321	1699.999595	1833.380645	1772.514694	2157.832417	2104.398347	2113.650231	2248.87867	2197.512146	2411.128335	2509.406946	2590.648586	2947.91628	2633.000108	2182.202274	2548.262684	2751.719654	2629.921905	2982.748839	2182.785415	2325.552712	2224.318553	2536.832881	2002.175426	2297.489434	2136.231304	822.524357	1176.493135	2797.137367	2742.919169	1590.86829	1839.222796	2062.387867	2241.803984	2071.907705	1917.535461	2348.41666	2495.978929	1666.493054	1734.960805	2031.914907	1447.150118	1706.92474	1466.402009	2133.37117	2142.957762	1915.141757	2136.859509
1383.470442	1489.724136	1570.772731	1492.766087	1645.904627	1749.136759	1835.296551	1934.55603	2053.699558	1519.067744	1660.657123	1582.171822	1667.125386	2012.817385	2413.726138	1476.093668	2002.498394	2445.886398	2134.640681	2710.171274	2831.188967	1635.46137	1945.812891	2020.878768	1522.67219	1557.663132	1784.55467	1867.454646	2189.10799	2078.204879	770.6772055	988.5752704	1037.078736	2359.71688	1543.495198	2311.921742	2020.363188	1153.948404	1383.521174	1796.422165	2285.817877	1359.861431	1408.573423	1379.359717	1301.448959	1983.796266	1725.319296	1838.695947	1882.543806	2154.003694	1385.857779	1698.905968	1669.005863	1706.004453	1841.309647	1787.183163	2166.09636	2116.480532	2112.497883	2255.106421	2203.740251	2425.421191	2525.107383	2613.430557	2968.589094	2647.96337	2184.585642	2569.70326	2771.053789	2637.861251	3002.408779	2191.731377	2342.549695	2227.260869	2547.653534	2004.732846	2305.240989	2153.40741	823.0149387	1174.580139	2813.750126	2759.081094	1590.201053	1838.704542	2066.81263	2248.008703	2070.70529	1927.382338	2357.199746	2506.065654	1668.439408	1732.742671	2039.905912	1454.85815	1711.570061	1467.646914	2138.801685	2153.539355	1926.343572	2141.833908
1398.516777	1499.111397	1589.289623	1490.427658	1640.759734	1759.509103	1842.749512	1936.921928	2059.113303	1523.388419	1657.595304	1576.927447	1677.750092	2017.137792	2416.05701	1483.909529	2015.235588	2459.901274	2154.950005	2722.192078	2830.176973	1629.396476	1951.477523	2035.638143	1532.887168	1551.253822	1785.827007	1871.907834	2188.755308	2078.256132	767.4538019	988.2011141	1042.466594	2370.7307	1542.021579	2330.60941	2032.990435	1156.430206	1385.684489	1803.290606	2299.991764	1350.211906	1400.389971	1383.063302	1300.552878	1980.734373	1726.893465	1840.661657	1884.918884	2149.510401	1389.344394	1702.698424	1666.326413	1699.216456	1843.748095	1794.633169	2164.541426	2116.824403	2121.643259	2251.251724	2204.255531	2436.881915	2533.750376	2614.348087	2974.851759	2649.889516	2187.213148	2571.24912	2769.192933	2639.108791	3003.073565	2190.564372	2341.284699	2232.25297	2552.169259	2010.563725	2316.233497	2152.286306	826.3576405	1175.690431	2812.791466	2762.420293	1595.798678	1840.054742	2073.707278	2250.507678	2078.685022	1929.868619	2364.51897	2508.833376	1669.468177	1739.096339	2037.982017	1450.077739	1712.722166	1472.245812	2143.101785	2157.323969	1918.344044	2134.479962
1398.001739	1494.699127	1587.63518	1477.808219	1635.310217	1763.152499	1843.453229	1939.466751	2068.814733	1515.586519	1651.965277	1572.768117	1680.123603	2020.791429	2418.581562	1475.120838	2008.682635	2456.046619	2147.643666	2723.208112	2833.34666	1629.412492	1954.590074	2034.887798	1525.577145	1551.983975	1787.47347	1866.790632	2190.144962	2077.344059	767.3338733	984.5864427	1036.874567	2363.982179	1541.463278	2338.070473	2025.05178	1149.952587	1376.466308	1796.08974	2293.315854	1355.281713	1395.44892	1376.560254	1291.650778	1977.739779	1731.421296	1840.45091	1898.655431	2144.102442	1384.399754	1703.915036	1664.005594	1685.129275	1848.813348	1799.462415	2166.243402	2121.485176	2115.765815	2251.658089	2200.845097	2440.248361	2534.728799	2623.770096	2971.164768	2649.465996	2186.148981	2573.156435	2767.422434	2643.325029	3010.341687	2192.173733	2341.852712	2239.416335	2555.187726	2007.120049	2316.428822	2151.195346	821.8718313	1165.736802	2817.873409	2761.880336	1584.542287	1838.361657	2066.817856	2251.826272	2074.675565	1928.905026	2368.487363	2508.327548	1661.914593	1742.018176	2037.507089	1449.258159	1706.934405	1465.107771	2137.53626	2158.621482	1929.258434	2132.93851
1384.819173	1488.880691	1587.906569	1476.719908	1631.350927	1773.88702	1850.492656	1945.893806	2071.427354	1520.194306	1667.402752	1582.417603	1678.717272	2016.135199	2415.239009	1474.894005	2005.798958	2454.754232	2142.60099	2725.475601	2818.646731	1632.283397	1950.652498	2039.290981	1524.332462	1557.303528	1781.367712	1865.617972	2192.707915	2074.290787	761.0687052	983.740483	1027.248118	2358.868775	1540.14603	2343.4933	2024.47333	1143.317128	1366.911176	1790.145274	2282.69337	1350.136674	1391.05989	1373.204576	1295.931709	1962.60389	1716.504886	1831.828497	1894.837484	2139.789969	1386.398595	1698.528197	1661.379477	1687.854678	1852.587621	1801.927619	2172.727021	2126.719309	2119.89855	2248.224474	2196.093338	2441.128937	2530.485866	2611.039026	2954.8553	2646.209259	2190.591673	2564.234263	2760.351082	2636.636442	2997.007372	2193.763465	2337.332598	2237.498774	2556.754969	2005.917022	2308.533768	2151.130569	820.4847791	1168.883924	2820.13988	2754.455938	1585.987228	1842.079278	2066.851657	2250.559241	2076.749944	1928.444817	2371.680347	2510.769398	1653.591117	1733.884504	2031.581036	1448.036434	1704.548329	1462.94083	2130.046206	2150.512424	1940.860125	2141.226287
1402.699817	1501.396961	1614.038351	1488.761516	1638.544791	1797.277707	1858.755054	1954.43742	2076.195067	1520.642206	1661.919181	1577.725082	1684.89899	2037.391526	2431.967777	1487.431874	2020.009252	2478.128635	2170.801962	2754.743573	2840.168905	1628.165624	1965.076337	2052.256488	1528.909499	1552.682821	1790.26106	1871.037237	2212.545309	2079.496	767.4643798	983.1562064	1032.017118	2374.236534	1545.133135	2364.695531	2037.642853	1151.26439	1377.755185	1802.050817	2299.251703	1345.384925	1397.856357	1380.984689	1302.543129	1971.641824	1722.954756	1842.540168	1912.85885	2152.077331	1389.247875	1717.397522	1665.580371	1699.390089	1871.061825	1824.335406	2179.582325	2133.459418	2126.859715	2244.897957	2198.757193	2441.558417	2536.494463	2636.720425	2980.505692	2663.183247	2204.690443	2578.859809	2781.845321	2655.283603	3024.725176	2190.636744	2355.644492	2256.415767	2554.626596	2005.005648	2333.506937	2158.415689	829.8693704	1174.597664	2839.580977	2775.239737	1603.047277	1844.847354	2084.644555	2262.924712	2088.105889	1934.702583	2393.041149	2536.95462	1666.190602	1739.169963	2046.583576	1450.884669	1713.682303	1471.012582	2145.573478	2172.655381	1954.751896	2148.862577
1402.270608	1491.629126	1609.275466	1490.462218	1642.519629	1760.980585	1856.359889	1943.175785	2059.993258	1508.107036	1640.184512	1558.457854	1668.929419	2013.653194	2404.811153	1484.942284	2011.614396	2477.208804	2158.974598	2755.513909	2793.158808	1619.006551	1937.110408	2040.482775	1520.47651	1519.974492	1782.888855	1851.465986	2203.942026	2068.135881	766.4430332	980.4404168	1033.253604	2371.662959	1532.293281	2367.220867	2036.957982	1148.525925	1372.053544	1790.57276	2304.780519	1338.597028	1383.905904	1358.735044	1280.54705	1962.887833	1721.777928	1833.338178	1885.89112	2148.732108	1391.516445	1701.2572	1657.817254	1696.003719	1841.083639	1799.433502	2149.12027	2119.852241	2088.510545	2154.8163	2096.243015	2407.393273	2507.212942	2587.754728	2955.133874	2620.041402	2183.269219	2570.094344	2765.572147	2647.104759	2987.065498	2164.148494	2312.445457	2205.001464	2512.770705	1949.491399	2327.944609	2132.395139	824.108535	1166.407933	2822.210576	2780.687805	1577.000626	1812.943636	2068.687344	2255.003319	2091.163171	1912.146464	2391.538818	2511.00502	1661.790997	1740.525048	2016.124588	1441.357245	1661.864232	1450.447998	2129.702071	2154.533394	1914.14555	2141.741315
1384.753556	1480.325722	1582.860558	1480.962792	1636.646936	1750.533901	1841.676814	1931.282127	2042.63856	1509.564793	1636.580114	1558.298092	1644.041125	2007.492412	2399.20636	1473.059241	1992.223072	2461.493784	2139.465513	2745.137636	2805.665048	1620.109817	1940.564566	2017.456959	1515.990985	1546.734086	1770.090665	1840.947195	2178.418138	2062.192281	757.1604093	977.7230166	1034.926833	2361.964793	1540.792429	2334.709221	2020.395002	1145.09004	1373.067089	1795.129272	2293.184648	1333.855776	1393.439759	1375.459636	1296.164573	1960.651546	1716.498103	1828.924254	1878.225041	2143.878967	1375.485166	1684.488571	1651.749467	1696.093103	1827.871068	1785.207904	2160.916503	2116.853904	2115.278582	2218.569989	2177.358236	2372.341488	2468.744308	2582.747207	2935.008347	2626.649978	2204.877134	2537.482088	2750.897111	2629.284348	2998.905441	2176.085136	2320.566726	2251.216776	2511.347517	1996.946805	2300.362462	2122.935593	818.2358884	1176.75468	2801.346308	2774.863093	1596.619657	1842.955187	2059.885781	2243.447662	2077.335471	1911.406532	2377.437103	2515.380181	1656.488159	1726.722045	2026.175057	1435.465224	1703.493654	1467.880197	2131.190582	2149.392371	1926.820183	2139.026622
1384.8846	1477.063279	1560.314663	1472.152624	1621.0691	1717.143567	1822.827169	1909.294458	2020.535265	1503.884144	1627.607657	1552.194044	1640.501858	1988.468419	2388.397232	1468.896516	1988.320206	2457.112212	2132.736128	2714.861237	2805.642586	1622.760225	1936.958437	2011.862466	1515.951205	1548.294965	1766.132222	1845.381842	2169.567729	2065.913919	770.3402798	977.8793657	1034.662686	2361.039182	1542.546862	2312.903376	2010.127422	1147.492159	1374.433355	1792.184578	2282.979356	1343.363848	1397.664266	1369.584507	1289.450579	1963.774504	1723.411607	1828.037065	1865.174512	2138.54975	1379.210256	1678.051873	1656.68972	1686.297663	1798.437548	1755.390739	2140.266493	2097.632326	2100.10193	2212.641668	2167.00793	2362.294848	2463.320146	2566.42313	2941.53925	2612.150899	2185.564717	2547.278343	2757.82855	2628.121305	2990.909817	2172.729544	2319.653633	2235.746859	2510.703323	1995.469308	2297.366302	2129.607885	822.5251893	1167.245178	2803.354932	2778.26313	1582.120542	1837.808668	2042.385195	2249.659899	2073.352904	1912.857611	2363.568189	2496.91845	1661.161323	1735.027901	2025.351993	1440.261821	1699.823069	1458.13909	2125.957179	2145.249396	1900.107295	2122.02202
1372.286864	1470.868844	1531.004537	1468.278639	1614.827983	1686.184728	1807.877652	1893.542964	1995.566726	1501.539616	1628.391332	1552.215583	1637.208478	1968.952972	2378.060344	1465.762117	1987.024074	2434.288112	2123.94514	2676.842672	2791.228334	1625.542159	1928.958835	2014.680247	1513.96715	1541.32713	1765.894651	1837.953114	2159.237197	2057.003243	765.2650768	980.1593877	1032.829561	2362.89767	1539.977398	2288.553864	2002.766475	1147.202474	1371.886547	1780.696505	2276.943025	1338.281581	1394.891182	1363.280871	1281.916047	1952.199404	1719.791153	1822.239169	1837.25847	2127.321747	1370.661491	1662.32414	1645.094041	1677.49549	1782.754579	1721.938931	2121.273015	2071.203424	2095.010896	2207.577482	2156.622826	2361.715812	2463.818447	2544.931358	2931.815682	2605.674113	2166.616019	2536.100519	2752.293784	2618.471975	2966.32396	2173.380949	2311.734967	2212.625286	2511.052147	1983.408392	2282.722542	2117.506364	823.5781284	1167.956173	2788.319437	2767.770784	1576.352577	1831.65148	2043.58064	2246.940989	2064.165627	1912.606301	2344.765892	2481.005391	1657.558054	1733.218284	2017.526699	1436.800429	1698.145242	1450.387084	2118.138955	2136.449839	1876.415924	2100.443972
1368.819379	1482.703013	1532.863546	1477.786552	1627.503484	1689.061515	1815.356879	1904.55596	2002.997882	1511.185593	1643.520529	1566.894328	1649.491539	1988.846216	2390.846582	1472.193706	1999.440437	2443.29024	2136.888623	2677.159367	2805.969611	1636.592095	1942.30162	2031.944492	1519.989853	1554.520447	1774.401453	1848.997349	2167.137142	2070.727475	769.8390071	982.8296903	1038.813127	2369.546678	1548.995435	2284.334588	2002.152702	1147.025652	1373.677876	1787.061148	2288.151731	1344.2359	1399.827756	1366.159049	1289.238713	1961.568359	1729.93698	1824.086647	1834.60966	2126.923165	1369.280325	1670.836049	1640.967795	1688.752274	1801.545537	1729.672979	2128.938774	2071.353806	2102.398043	2232.978793	2175.345335	2375.359878	2482.026287	2567.34925	2942.876639	2618.150614	2162.589027	2549.826632	2762.943649	2630.03197	2973.599002	2184.267318	2324.910015	2207.803579	2524.70222	1998.414463	2292.142545	2131.72372	823.3921013	1170.942921	2806.363322	2779.104692	1581.262665	1839.095438	2051.980363	2256.77182	2068.518192	1924.193467	2342.999689	2491.142139	1661.010301	1728.720808	2009.181837	1444.085634	1707.712438	1456.194176	2123.35301	2143.012966	1878.563435	2105.183383
1361.979123	1484.776853	1539.315639	1487.32688	1633.261786	1696.658623	1817.675464	1907.077042	2003.598625	1513.639783	1646.731552	1565.373759	1652.858327	1994.052598	2380.639497	1475.764032	2000.187336	2438.027069	2129.404695	2682.610079	2798.619586	1625.681816	1933.229789	2029.661126	1525.102886	1551.463443	1768.520044	1852.622858	2163.445213	2072.374463	766.5592629	982.1337755	1036.292265	2371.073151	1544.939741	2278.540927	2004.746633	1144.440487	1371.919405	1781.82695	2283.469129	1347.159095	1404.164917	1369.068072	1287.771807	1956.322648	1724.219553	1823.261927	1833.3846	2119.274942	1357.426142	1676.220929	1644.627044	1701.209751	1809.83459	1727.953942	2133.740224	2069.996561	2106.334382	2232.252567	2171.665384	2384.633825	2486.317145	2582.138533	2948.400366	2613.227549	2160.678293	2549.41935	2762.372408	2623.295004	2965.138622	2172.082423	2323.027015	2202.911136	2525.209423	1999.148695	2281.268145	2131.484912	820.4820344	1167.068968	2800.581088	2773.054645	1585.071833	1839.701429	2053.365019	2254.245636	2068.623613	1923.719402	2333.830484	2493.930242	1659.009104	1719.074049	2008.276666	1449.367176	1711.536255	1456.058421	2118.275564	2134.561287	1874.690908	2103.725307
1373.356362	1494.87461	1548.813151	1492.153324	1643.273456	1710.249222	1824.326953	1917.682927	2012.242488	1512.772736	1643.465211	1557.586556	1657.005742	1998.176762	2378.673704	1479.492718	2003.026623	2444.115008	2138.516733	2693.471767	2796.187034	1623.442919	1933.379242	2025.735295	1524.687206	1540.292032	1779.430881	1849.451195	2160.321185	2061.831594	766.477939	986.4241598	1042.84427	2381.348568	1550.341445	2296.729434	2006.019703	1148.871648	1373.736531	1790.953475	2295.27493	1341.0443	1406.539217	1370.688887	1298.806575	1964.203974	1735.615176	1837.24869	1850.703341	2129.875934	1367.048044	1689.68799	1649.943215	1710.685762	1822.238087	1736.236603	2144.028406	2080.589391	2110.414301	2229.099121	2177.081397	2389.426687	2490.018412	2597.354235	2946.70743	2608.352116	2167.635061	2565.425793	2767.310955	2633.419188	2973.518854	2169.470057	2326.752318	2207.685985	2525.907357	1992.40097	2285.9138	2126.399472	824.7141704	1169.065014	2798.307445	2784.714407	1591.191389	1835.965784	2062.791529	2258.90544	2075.632456	1923.586118	2348.398452	2504.394928	1664.233053	1722.309752	2009.498483	1445.916568	1707.450138	1456.390837	2127.228235	2149.916124	1894.893785	2108.428755
1370.620621	1504.465434	1547.326365	1502.474732	1650.406882	1710.668687	1831.51622	1926.280364	2011.38363	1506.654135	1642.10803	1557.53027	1656.37898	1992.39471	2369.787079	1484.856963	1995.92701	2451.401573	2122.165214	2695.028232	2791.786982	1611.974017	1926.628899	2020.959553	1509.883662	1541.544383	1773.958156	1842.045705	2163.471865	2050.901305	763.0065938	981.9405485	1045.125024	2375.714073	1542.506808	2301.346267	2007.945353	1146.093606	1370.174045	1790.967785	2305.471661	1334.244818	1394.008328	1355.295822	1291.948373	1958.170325	1730.815319	1829.249342	1857.303229	2132.60512	1378.254957	1698.535972	1655.386502	1724.226329	1832.58475	1740.895205	2157.854521	2084.823222	2109.846529	2225.652244	2171.329013	2385.766524	2479.028767	2582.816107	2935.32547	2598.736476	2176.825502	2561.129922	2765.850239	2640.969986	2974.166486	2165.492193	2322.75371	2210.330527	2525.992257	1988.765034	2286.736933	2124.717128	818.686718	1164.92228	2798.481047	2786.1386	1581.843705	1832.770619	2055.62817	2246.487928	2074.428731	1918.079639	2353.659524	2505.906007	1662.147683	1724.282037	2009.659279	1431.455282	1694.600341	1452.069956	2116.397189	2144.39038	1895.299746	2116.523208
1371.434412	1499.305571	1547.853579	1500.913838	1648.920859	1693.509094	1826.634041	1920.819925	2000.144854	1498.399549	1620.458738	1548.269234	1641.404928	1962.159285	2353.662077	1476.826047	1980.78511	2444.887176	2105.588348	2685.922726	2771.320477	1613.033839	1919.434592	2009.849559	1514.865264	1538.899592	1769.982714	1837.261793	2151.446357	2041.531988	760.0087082	978.6766084	1038.751518	2368.232731	1535.162988	2285.429908	2003.157351	1143.064491	1363.867453	1775.772013	2289.302202	1326.453048	1387.097174	1358.584095	1289.185873	1949.897388	1720.327018	1823.768087	1844.299761	2119.916466	1359.064169	1688.667699	1649.163327	1728.333972	1809.915972	1725.481847	2153.737399	2070.39287	2101.426553	2207.251803	2167.844053	2378.09239	2468.931663	2550.088989	2905.026099	2581.624269	2169.525793	2533.631511	2743.909155	2625.71097	2961.320523	2169.340011	2307.661154	2205.352689	2518.66658	1996.255212	2277.501855	2122.408114	821.170492	1166.752477	2800.308282	2767.974011	1584.897963	1831.889434	2047.569766	2237.435384	2064.836062	1910.92757	2335.805657	2488.135099	1656.146413	1726.979621	2004.50938	1432.936645	1691.036333	1450.322175	2113.679454	2135.381326	1879.909423	2101.744623
1370.562314	1489.95347	1533.908795	1496.627419	1632.817075	1668.547318	1821.694249	1905.565858	1987.910749	1487.067706	1608.581894	1545.923749	1643.230496	1964.989126	2347.494754	1472.597103	1990.300724	2444.28713	2104.834616	2674.533118	2786.597745	1617.797698	1924.480765	2013.076435	1509.35873	1540.829857	1770.204627	1829.379564	2147.602458	2047.405784	764.6165362	978.1742823	1037.08483	2363.455022	1536.122843	2277.800535	1993.475235	1142.41683	1365.144211	1771.897979	2291.211279	1334.346859	1388.981245	1360.72935	1282.838281	1950.697057	1721.952522	1827.861637	1843.241127	2114.101733	1367.085769	1676.624647	1643.796242	1716.182331	1786.377668	1714.442366	2134.67327	2059.946229	2078.161202	2193.246937	2156.807261	2368.37094	2462.847067	2543.061155	2899.927605	2575.243421	2163.302531	2532.600797	2737.015425	2617.215486	2957.097197	2162.301153	2305.509061	2200.55482	2509.024194	1986.438478	2268.730482	2116.417418	819.892652	1162.623314	2795.218826	2765.652616	1576.422882	1826.496696	2041.093272	2235.463362	2054.841823	1910.351328	2326.5936	2481.942868	1653.428208	1727.135466	1998.228966	1432.531507	1689.560345	1448.574777	2115.052096	2138.629368	1873.105404	2092.549166
1351.476191	1476.862557	1522.333389	1477.31129	1614.64178	1654.619822	1819.618759	1895.23795	1984.395726	1483.418805	1612.064315	1550.10968	1640.734687	1959.546747	2335.072179	1465.117127	1989.984338	2428.382743	2101.001074	2663.76057	2773.794665	1620.443674	1919.007652	2009.138211	1500.900322	1537.896269	1762.631994	1818.881699	2141.314475	2038.116551	760.074337	976.3899017	1031.961757	2346.548685	1532.262775	2271.495316	1988.445768	1141.305405	1364.413803	1770.972375	2284.145392	1327.045178	1381.604449	1352.831693	1274.027444	1942.33769	1713.465527	1817.098349	1836.590796	2110.024254	1355.47788	1667.814071	1635.260732	1698.687823	1775.243363	1705.960751	2133.461265	2057.187322	2070.70902	2192.047105	2149.331246	2375.161559	2462.025104	2531.740213	2898.649661	2566.086244	2162.894524	2532.884847	2726.803627	2596.934786	2942.894582	2164.189582	2297.29687	2200.22519	2513.373452	1971.855293	2262.394551	2105.000627	814.7136111	1160.892496	2785.694489	2751.75761	1566.636632	1826.574297	2038.22529	2233.50401	2053.330893	1903.764675	2317.362171	2482.147189	1650.813165	1716.950822	1996.110948	1425.15583	1688.888179	1443.789495	2112.726587	2132.715946	1867.912604	2089.073594
1359.514823	1478.190417	1536.609106	1472.873207	1614.085578	1670.067924	1828.280392	1910.656981	1998.935146	1487.617455	1621.834541	1557.298324	1654.488972	1967.144478	2351.929186	1467.278687	2002.488811	2435.676505	2117.075023	2670.986282	2796.458251	1625.514302	1934.331454	2021.573513	1507.390026	1545.841112	1769.369136	1832.184234	2146.036789	2046.464518	758.2836668	978.7262572	1031.794205	2348.452296	1539.216069	2267.57469	1997.615768	1143.935821	1368.393252	1782.105576	2285.626154	1336.932475	1390.188731	1363.451197	1283.95614	1952.239501	1715.32782	1819.887133	1834.238982	2111.58238	1348.73857	1676.328371	1635.888668	1687.966212	1794.352374	1713.249898	2143.28313	2073.776138	2075.30863	2210.522699	2168.391076	2400.565755	2476.040488	2531.685525	2917.782564	2581.803171	2164.710126	2539.029963	2738.895694	2607.007476	2956.812881	2178.055658	2312.841721	2206.800835	2530.805788	1992.101252	2269.157233	2120.601431	819.0683053	1161.523621	2803.789214	2752.873565	1575.442387	1835.459625	2042.301167	2234.326914	2052.579624	1916.666412	2322.658743	2482.46337	1647.805924	1713.241975	1999.034684	1433.844533	1692.951906	1448.713636	2116.487683	2133.189156	1873.061729	2093.952852
1363.112986	1488.035236	1548.465678	1475.113873	1614.46556	1686.014548	1826.350817	1916.799901	2011.87985	1488.788387	1622.31196	1556.785211	1666.30429	1978.179558	2352.365435	1470.762369	2004.553503	2441.164198	2127.584298	2669.520382	2807.321649	1625.87328	1939.664838	2016.470934	1513.822177	1547.726598	1760.299618	1832.295899	2155.848765	2053.8779	763.8475919	981.0041175	1028.72897	2353.874808	1535.083997	2271.420095	1989.100736	1143.239567	1369.882117	1781.770691	2276.363547	1338.759087	1383.779549	1360.701635	1272.586733	1944.476147	1707.631388	1816.965189	1833.425947	2110.42516	1359.02431	1685.110145	1643.048959	1689.108424	1802.299456	1719.165738	2148.795591	2082.011373	2075.825743	2208.205639	2162.496926	2422.584711	2490.839349	2540.868266	2923.183031	2580.690133	2158.135493	2554.92142	2756.198105	2620.869849	2963.926691	2180.426215	2321.224687	2206.564564	2534.154595	1992.084427	2276.018136	2121.130414	818.5332356	1162.163415	2804.47208	2745.442624	1571.516146	1836.5688	2037.038611	2231.092005	2051.748046	1911.568884	2321.872216	2480.751726	1652.003998	1724.565076	2004.879772	1434.516327	1694.532573	1452.056292	2110.291443	2129.909022	1865.30319	2092.890008
1368.250473	1491.772515	1556.3332	1473.510364	1622.945234	1698.345036	1832.56926	1930.928126	2029.601915	1489.012541	1630.924133	1563.213629	1677.754332	1986.383628	2354.293078	1475.394963	2018.553223	2453.639931	2142.792804	2677.032362	2820.723808	1631.974805	1946.532923	2029.343582	1509.52838	1550.673107	1768.480487	1837.73538	2163.494681	2051.584917	760.7834062	985.0742215	1025.17188	2356.276017	1537.410039	2277.679639	2000.72484	1149.973244	1373.045671	1788.550518	2274.699577	1334.183172	1387.560294	1361.804825	1282.007293	1954.694995	1709.693055	1820.462216	1843.338269	2121.68478	1358.924493	1686.846196	1648.626557	1690.396852	1810.608746	1731.819885	2162.384744	2092.914594	2076.994482	2221.447743	2183.148564	2442.925414	2494.751796	2553.340606	2933.05162	2584.955284	2164.658876	2568.182361	2765.336954	2633.18387	2973.341803	2194.597549	2326.877156	2217.701649	2546.70832	1989.245362	2282.181678	2125.905847	824.6304989	1171.677481	2815.448502	2735.655013	1581.264961	1845.687782	2053.520442	2239.651007	2057.790549	1913.873867	2329.724902	2494.949937	1651.81924	1723.708381	2009.844936	1429.653855	1699.524925	1453.925087	2127.979317	2138.294164	1873.803181	2103.37065
1372.699083	1501.383128	1570.516359	1482.952003	1630.521345	1717.396769	1840.978815	1936.633307	2038.299153	1495.419664	1637.97233	1570.073777	1681.273207	2002.254859	2369.916249	1480.392954	2029.074547	2465.183582	2154.629529	2692.437133	2838.157853	1639.447104	1957.180864	2031.172082	1518.346073	1556.28837	1773.058654	1849.573263	2172.694431	2065.82875	769.5719895	983.9014567	1026.523015	2359.493182	1540.75882	2297.319633	2013.93246	1153.223695	1375.448462	1791.93078	2277.39239	1345.212439	1395.204421	1374.309729	1287.096456	1962.875806	1711.93318	1825.611385	1862.262813	2131.287776	1360.030586	1697.089664	1655.909815	1695.578023	1821.287616	1744.886759	2166.225928	2100.846407	2078.507923	2219.880738	2181.666059	2448.967084	2504.01811	2575.38579	2963.745647	2603.555706	2174.734569	2572.653543	2782.437415	2644.061005	2986.37822	2190.9632	2344.145445	2222.234643	2552.088975	1996.260892	2284.706121	2139.285024	825.5074724	1165.923755	2828.643504	2739.476498	1586.872583	1850.410731	2056.571057	2239.193552	2067.968811	1919.983485	2335.61912	2511.139739	1658.060653	1725.816055	2018.276743	1444.161057	1709.570909	1463.048911	2133.572993	2144.914393	1893.753241	2123.699772
1381.809936	1499.386489	1577.359725	1483.151899	1635.777507	1726.662445	1844.184713	1937.379549	2039.728019	1492.688822	1638.284029	1571.287277	1681.442592	2002.623497	2375.76019	1478.423321	2037.691238	2465.446937	2160.531105	2700.947515	2835.448044	1638.061776	1955.003705	2033.818466	1520.11563	1543.369848	1774.802763	1850.116368	2182.480667	2064.963596	767.045642	987.7090439	1026.246826	2359.526394	1536.523997	2308.321135	2021.369946	1152.841604	1378.160068	1795.604962	2281.855444	1340.598519	1393.85979	1376.144361	1284.038553	1966.295707	1711.875741	1820.269476	1871.368721	2141.338252	1371.80069	1698.822729	1651.102676	1696.756194	1819.79476	1754.293477	2169.473097	2105.529983	2083.696302	2227.857158	2187.337286	2454.594336	2503.937655	2580.716729	2962.497894	2611.207366	2182.020862	2576.572014	2776.488652	2640.847046	2989.001517	2194.870195	2340.304453	2235.997641	2557.773574	1990.72689	2297.124029	2136.246621	828.9581992	1177.155603	2828.52766	2748.059176	1588.327346	1850.128905	2065.516138	2247.150839	2075.003808	1922.559523	2351.098655	2521.421509	1663.643627	1733.005485	2022.330348	1447.835085	1708.925288	1467.491636	2138.093421	2141.225151	1897.644684	2133.061023
1375.76744	1500.99808	1577.608151	1489.907261	1645.144632	1730.064981	1848.303742	1942.109931	2041.008936	1499.61681	1654.376887	1580.520533	1691.386738	2017.753794	2396.92287	1477.718782	2034.800351	2467.991934	2163.201379	2705.658339	2856.875361	1633.523051	1962.488589	2038.473665	1515.17019	1548.243461	1779.695618	1856.544311	2181.70357	2072.369922	766.3308814	982.5500821	1031.859788	2355.74594	1544.565273	2320.075412	2019.441654	1152.432242	1386.408055	1806.391198	2294.109416	1349.976407	1401.274286	1381.518078	1293.227846	1978.494211	1717.772541	1831.882255	1891.166142	2153.394499	1363.49607	1696.76708	1649.999484	1707.687974	1827.151434	1767.321305	2169.984906	2110.143334	2086.9693	2240.586585	2194.635137	2455.335605	2513.066609	2604.890526	2974.439325	2633.567199	2192.489823	2573.858442	2778.915712	2643.655373	3001.088243	2191.045179	2344.315073	2243.367902	2559.53734	1989.33744	2303.452331	2145.120394	828.5430951	1171.236598	2835.983606	2761.310616	1592.024057	1853.06508	2060.526217	2248.906267	2076.254377	1922.606052	2359.002795	2530.164243	1665.60514	1725.687936	2029.700751	1444.339565	1712.164517	1468.491833	2141.412583	2150.022202	1917.066562	2144.091689
1387.975561	1500.445633	1586.29041	1490.601507	1643.143885	1742.906105	1845.724351	1932.970809	2043.753753	1505.977998	1646.63959	1576.673459	1689.281641	2017.717327	2406.913943	1474.842656	2032.012115	2456.107625	2162.819606	2719.279508	2843.935391	1627.942734	1952.023298	2041.1897	1523.23616	1539.300757	1776.684559	1852.426061	2183.010509	2067.230057	766.7025909	990.5100009	1031.724112	2365.165154	1540.926967	2328.088763	2028.380317	1153.53177	1384.035461	1809.158734	2296.802556	1347.292546	1395.949698	1377.178037	1292.441171	1973.492729	1720.798849	1830.800041	1891.459806	2159.787008	1378.41449	1697.839922	1652.247609	1707.644894	1820.076822	1777.117716	2164.082325	2107.8521	2100.895287	2235.010976	2191.431342	2454.592656	2524.361954	2610.054627	2972.412158	2638.544731	2198.61484	2576.651733	2775.825079	2639.082377	3007.045679	2189.11677	2340.245133	2247.814854	2557.525622	1986.758011	2303.35725	2142.678372	829.5867146	1174.729784	2834.321795	2762.363223	1589.215061	1843.129849	2069.177706	2250.909021	2082.923061	1920.563781	2366.725435	2535.800662	1668.475675	1736.86287	2031.056539	1439.44366	1704.248878	1467.119127	2139.607152	2158.527674	1924.277991	2145.584337
1387.028787	1499.191499	1579.549952	1493.848655	1649.437035	1753.033787	1845.866567	1936.828884	2052.63303	1517.784703	1666.231483	1573.711235	1687.336041	2024.314393	2422.28586	1476.63292	2014.404875	2458.686899	2154.931307	2733.113444	2855.769553	1622.464054	1950.870843	2042.788448	1521.584362	1540.925152	1782.795044	1853.075557	2186.505503	2064.125408	769.5246766	985.1439978	1038.880603	2356.863905	1545.604305	2340.360699	2031.47247	1151.927195	1387.314961	1820.72489	2306.01681	1343.090712	1396.060442	1378.233374	1292.966829	1978.902411	1721.780424	1835.945136	1903.511396	2164.306098	1373.48351	1696.312919	1658.683272	1710.593506	1835.068357	1785.594445	2160.663762	2114.368366	2115.932729	2248.545457	2190.103428	2436.933052	2525.191519	2632.544742	2987.002959	2651.202777	2208.067281	2585.396052	2772.295282	2643.071199	3023.623222	2186.813725	2349.330566	2250.473835	2556.112522	1992.784584	2313.751769	2152.266663	825.2441643	1170.162428	2831.854864	2770.110429	1590.895505	1843.213429	2070.131205	2254.368505	2087.624589	1929.740766	2378.203905	2535.746806	1667.654879	1737.493979	2040.841193	1438.255181	1701.75115	1466.955299	2140.864979	2161.076048	1930.938248	2161.586647
1387.826212	1487.645074	1569.1982	1489.060986	1644.198819	1742.270974	1838.246958	1923.162004	2039.029145	1515.422363	1641.626402	1555.947195	1662.139351	2008.243603	2402.348862	1477.867142	2000.535047	2445.992451	2141.418763	2733.642098	2819.847415	1611.531609	1935.442152	2033.356993	1525.20764	1539.868978	1774.372004	1840.779225	2181.238462	2049.811321	768.3578303	983.6911257	1037.141867	2355.916999	1539.875502	2326.489212	2029.459136	1150.517784	1380.303447	1803.122994	2293.50624	1332.525019	1387.286288	1376.64511	1290.10723	1966.287204	1715.022699	1830.765888	1884.218039	2160.381369	1381.724928	1687.382797	1660.826895	1706.374303	1824.792138	1775.663776	2152.64884	2108.720522	2122.200825	2223.463106	2175.074601	2402.892077	2509.571275	2623.978643	2974.63479	2641.047101	2204.051132	2582.694596	2765.77922	2634.859379	3011.270409	2177.987308	2339.988475	2236.774472	2541.631217	1998.32138	2313.348574	2141.749836	833.4111995	1174.112835	2819.110574	2772.00765	1594.784317	1841.898969	2071.119738	2255.510801	2086.032853	1921.014499	2369.783988	2528.301916	1673.859364	1745.706475	2035.00387	1441.078502	1704.678879	1464.28337	2136.902887	2155.014526	1912.905733	2144.423327
1387.867004	1479.913909	1545.022741	1480.790283	1620.882977	1704.342312	1830.555435	1907.727166	2018.61957	1505.695743	1632.300159	1557.399555	1644.772252	2006.595733	2378.889686	1476.741365	2000.177882	2442.065219	2145.506407	2721.270015	2818.277511	1619.230583	1937.602989	2033.734072	1518.734278	1544.238595	1776.157912	1836.338957	2170.723259	2054.767681	770.8093011	982.9555894	1040.467287	2352.862826	1544.67901	2305.693905	2012.825012	1149.243138	1376.363562	1795.836314	2291.465455	1335.968473	1386.915947	1374.637689	1283.711559	1966.357403	1722.348757	1833.328684	1864.424088	2149.044234	1376.154936	1667.73832	1657.066333	1686.771437	1804.32549	1750.918649	2135.488595	2100.127413	2104.485674	2216.751985	2169.174592	2380.028482	2492.889963	2600.511056	2960.540667	2613.33395	2190.720007	2574.339625	2766.809192	2631.358134	3000.431654	2184.371477	2334.781863	2227.649041	2545.701012	1996.83018	2301.187694	2138.904638	826.8544704	1170.550957	2820.286122	2773.697687	1586.849167	1835.583185	2066.081955	2254.576628	2076.351296	1919.694616	2357.70243	2516.24682	1670.499791	1739.878259	2020.379497	1439.205817	1702.557489	1459.198845	2139.151109	2156.141411	1892.244572	2135.835414
1364.648629	1478.977463	1529.487298	1474.098462	1608.72079	1682.858343	1828.342267	1900.646149	2010.083495	1503.636635	1628.895962	1554.878254	1636.20305	1986.865144	2366.951264	1469.510676	1999.615896	2422.740948	2137.514418	2705.257999	2806.161935	1618.975821	1934.282522	2027.656538	1510.067769	1542.927508	1772.905	1833.646251	2163.425529	2049.330562	767.9760314	981.543095	1036.258086	2346.792654	1539.040027	2283.364534	2003.366446	1149.837097	1372.694661	1789.225566	2286.848081	1332.58229	1382.025622	1368.265356	1277.035775	1955.426773	1713.296644	1826.70027	1849.028746	2138.533811	1361.909825	1661.753672	1651.118947	1675.465394	1794.862359	1732.624112	2126.476178	2084.563982	2097.391936	2217.086206	2173.35894	2373.346971	2490.542046	2581.259732	2945.468619	2601.933683	2182.563473	2565.129071	2757.701435	2615.310479	2979.39437	2184.657174	2327.554278	2223.289743	2545.103532	1989.094686	2291.873308	2135.914512	823.0010132	1167.660049	2820.517378	2757.552934	1577.925215	1836.271718	2061.150417	2247.879948	2069.009004	1917.116964	2336.543349	2503.393082	1666.320997	1732.462069	2011.021467	1433.888483	1696.647518	1454.020185	2131.480989	2146.334931	1881.132715	2123.031696
1369.096003	1480.847454	1535.092185	1474.898457	1604.685914	1688.3847	1834.531017	1903.364278	2015.961126	1506.32359	1643.463037	1557.144384	1639.686075	1992.261705	2379.156728	1469.853936	1994.42505	2421.745386	2139.604241	2705.033684	2809.997397	1620.976324	1937.602008	2036.818347	1514.837408	1546.399862	1777.402169	1843.701186	2165.45033	2047.559479	762.0014836	981.104083	1033.858032	2340.655982	1542.233827	2284.400448	2010.624097	1149.888817	1377.34475	1796.731509	2288.713982	1336.052437	1387.563488	1371.863666	1284.325303	1961.254685	1717.271506	1828.6973	1852.227459	2137.167451	1353.335786	1669.174915	1646.121205	1677.534845	1803.627206	1741.925604	2127.155622	2084.352125	2101.644317	2225.335356	2186.297821	2378.920989	2494.892234	2599.30336	2958.998992	2615.320773	2187.870573	2570.419661	2758.516047	2607.090644	2984.715389	2191.934064	2326.672952	2229.834622	2556.7342	1998.883765	2289.115671	2141.882805	823.1113023	1168.27302	2829.821882	2761.347764	1583.518027	1842.041606	2066.557328	2250.626356	2063.839719	1926.379784	2338.8632	2512.470728	1662.005667	1730.394317	2017.819826	1440.204887	1700.082352	1462.864373	2136.213955	2149.632543	1889.046254	2115.62631
1378.992308	1491.606166	1556.260684	1481.769399	1616.691141	1716.670219	1841.161995	1913.52694	2034.171657	1513.988681	1649.341058	1559.67693	1635.386024	1992.789247	2385.579687	1473.231442	2001.14496	2434.543181	2140.758496	2720.225659	2817.489935	1615.479748	1941.451944	2043.541772	1523.514776	1546.595941	1776.859438	1845.678611	2182.898234	2053.052396	773.6982416	986.1172411	1037.198626	2348.066882	1539.281486	2309.528947	2020.465351	1152.616409	1379.87276	1800.142898	2295.869539	1349.123243	1391.728827	1374.162259	1280.573675	1963.447016	1714.445551	1827.680673	1864.682919	2136.233397	1374.335402	1683.877184	1649.917351	1690.253073	1822.705594	1762.311891	2142.353445	2090.511965	2111.287208	2238.06273	2172.271217	2371.441436	2498.498265	2607.508012	2963.492885	2622.75916	2191.012518	2577.310317	2764.6492	2613.911804	2999.245718	2182.962224	2328.995959	2244.507367	2554.565073	2001.424662	2303.690801	2145.175569	829.3664094	1174.825268	2836.957153	2774.450966	1588.1183	1846.329944	2069.969352	2253.432778	2076.586345	1926.051203	2354.087619	2526.504244	1669.045838	1747.409491	2030.833596	1443.89994	1709.578465	1464.020004	2136.156014	2149.488603	1897.946435	2120.453306
1389.263804	1493.867455	1571.882062	1477.405609	1627.145948	1743.863622	1851.196551	1931.593152	2050.833633	1519.025421	1649.24474	1561.500438	1645.542332	1990.746204	2397.10265	1477.02871	1996.186963	2455.501605	2137.720195	2733.551402	2823.819232	1617.304328	1944.510603	2053.077114	1526.466161	1545.837171	1786.253021	1847.320563	2187.603124	2048.001862	768.9163591	990.2961774	1037.276319	2347.855195	1549.068117	2319.494903	2023.18587	1151.891278	1380.177539	1805.242781	2299.121143	1344.061264	1397.554367	1373.92827	1291.102873	1970.641172	1715.564598	1829.753068	1866.821067	2134.937581	1376.028267	1695.736	1650.524585	1694.406127	1836.859142	1778.355107	2159.564068	2110.760591	2115.730537	2233.39076	2179.497278	2381.416943	2497.824896	2610.807572	2960.205954	2633.40219	2195.096051	2571.780123	2760.917298	2630.453375	3012.988219	2176.867243	2333.327306	2242.642641	2545.583006	2000.877161	2316.624337	2142.483007	825.6406411	1177.915146	2838.726918	2782.448643	1597.703309	1853.811881	2081.120376	2258.688936	2083.981211	1926.673828	2360.881967	2530.820307	1669.261436	1742.655224	2030.911518	1444.547157	1713.175937	1467.606757	2146.797839	2153.174074	1907.153279	2120.046393
1393.804248	1500.215947	1579.763629	1479.476487	1623.355523	1738.665899	1843.970064	1934.373122	2049.601175	1507.336882	1634.966016	1561.422529	1646.495391	1998.984427	2393.440439	1479.959953	1996.787482	2461.889509	2145.731107	2728.243772	2833.120841	1622.339297	1945.72713	2036.127636	1519.188087	1543.818979	1780.588809	1844.862147	2186.888644	2062.501118	771.4660566	978.5252603	1032.797902	2350.387112	1541.84978	2308.547916	2014.153621	1146.854041	1373.001623	1793.838765	2290.280256	1342.141135	1389.713149	1370.656267	1284.900378	1966.303819	1714.349879	1826.1357	1868.187659	2117.64059	1374.923173	1703.366913	1654.786391	1698.18958	1829.811295	1777.33778	2165.203795	2108.84899	2100.221481	2213.985863	2173.293804	2381.503351	2499.132357	2601.794754	2961.369156	2627.996712	2188.660218	2576.417947	2767.082191	2639.251799	3013.590614	2179.186289	2342.763143	2227.993487	2535.504257	1995.930207	2314.823829	2146.238661	823.3902085	1170.383531	2821.648335	2773.15103	1591.301869	1842.542268	2065.988193	2249.83921	2070.968732	1921.629756	2350.685133	2511.637274	1661.842741	1729.612505	2016.047019	1442.264556	1704.690789	1461.725807	2136.296292	2149.251804	1902.899736	2100.517562
1386.015071	1489.410309	1567.839106	1474.810227	1612.036557	1727.633929	1831.791132	1916.900146	2038.78099	1499.647333	1628.909636	1555.619633	1655.928606	1990.546944	2386.172864	1471.013567	1992.628998	2438.462128	2139.106678	2705.796985	2820.732178	1620.720734	1929.884816	2026.559065	1512.90328	1544.721235	1770.838232	1839.306991	2167.601795	2057.059226	767.2154644	977.5190613	1027.634286	2339.132246	1537.249015	2294.35352	2001.889261	1140.481312	1364.883681	1777.009816	2271.997459	1333.275199	1384.571796	1364.232566	1280.475632	1952.979032	1712.1362	1820.521997	1864.997193	2104.547492	1381.552291	1684.558856	1652.426747	1691.866583	1806.61887	1756.201631	2151.975891	2088.760183	2094.121223	2212.176399	2166.380228	2392.177611	2504.028822	2596.178003	2953.201317	2623.978865	2182.987984	2570.372956	2754.359202	2622.265963	2996.666881	2180.713993	2335.214292	2222.116801	2532.378994	1992.294918	2299.370466	2140.004699	819.9767246	1169.571897	2812.673691	2759.294273	1587.848907	1843.911995	2057.895434	2251.040523	2059.60772	1920.058588	2337.754437	2503.142486	1657.796064	1730.588336	2010.640505	1439.293385	1705.156762	1456.450734	2125.221929	2143.300193	1895.37312	2093.606364
1388.608047	1485.605558	1562.99575	1473.654506	1609.925351	1724.050383	1835.393952	1910.837385	2035.236847	1499.91865	1637.034205	1557.540919	1668.394027	1988.866066	2385.48917	1471.701263	1997.19742	2434.319122	2131.111265	2702.304456	2821.96832	1620.525053	1940.735059	2030.100475	1520.834468	1544.74034	1769.086943	1844.635046	2172.779659	2062.609625	763.8898565	981.0799208	1026.409466	2343.893564	1539.366548	2294.597987	2002.335377	1143.659897	1369.630401	1784.154786	2274.518049	1336.647722	1385.303757	1365.026726	1280.236259	1952.598408	1716.322923	1825.500491	1866.119164	2110.200958	1373.732354	1675.957493	1644.730007	1686.308107	1792.165244	1742.743063	2141.720141	2082.390811	2091.649361	2223.178965	2172.756799	2413.409793	2517.724346	2607.032486	2955.842786	2626.936477	2180.421418	2572.235366	2755.817709	2614.649325	2990.489579	2185.326919	2336.436673	2222.084821	2539.080261	1999.234771	2301.203267	2142.930019	827.6104052	1167.838296	2816.110091	2760.523604	1584.894725	1843.09486	2057.915019	2252.690964	2060.903587	1924.173066	2339.469054	2505.157748	1656.53544	1735.472814	2017.952565	1441.44658	1706.295934	1455.612398	2128.977553	2146.322764	1893.104421	2094.129868
1377.349997	1484.613467	1555.822244	1469.949335	1610.709465	1723.564213	1844.922926	1914.19264	2039.123117	1513.563261	1664.076448	1570.848559	1679.824463	2005.09822	2396.601721	1472.483808	2003.873403	2433.932358	2132.546047	2707.95285	2831.990397	1627.075261	1945.534439	2047.563901	1517.947703	1558.251156	1781.593847	1850.108509	2178.396275	2069.152492	762.6940101	978.8762552	1026.254241	2347.538535	1546.604878	2306.943723	2005.613876	1144.719815	1372.496363	1797.555214	2288.732384	1347.294915	1388.704765	1367.011369	1283.085688	1959.587894	1720.604819	1830.991753	1868.138572	2117.020862	1367.800601	1671.938284	1646.829085	1684.850356	1798.182054	1741.28414	2143.414309	2090.363809	2105.528905	2239.970059	2189.581714	2437.631529	2527.650151	2615.811071	2958.848539	2631.71385	2183.672267	2570.569185	2764.966284	2615.975283	2994.729615	2189.681615	2342.79878	2240.032965	2547.115484	1998.592967	2311.463321	2154.192216	821.7690205	1164.713811	2831.78427	2766.001569	1586.308972	1848.961786	2064.784029	2257.219887	2068.349599	1933.763044	2347.418253	2519.240721	1655.722332	1734.827394	2025.514242	1441.348141	1712.93985	1462.760701	2130.501164	2152.063154	1891.148841	2103.688009
1391.116951	1490.6697	1571.456687	1478.374346	1621.125762	1741.243018	1856.105501	1924.105353	2049.458312	1527.780468	1667.621391	1576.569239	1692.809255	2017.971917	2412.431005	1482.670637	2016.967121	2450.635935	2139.856634	2727.616558	2840.364331	1636.126167	1954.455914	2068.027555	1538.334496	1566.943962	1791.745358	1865.601457	2197.295035	2073.62144	763.2729713	982.678167	1032.994708	2367.360561	1552.51213	2319.252941	2021.145986	1153.236925	1380.513367	1812.289253	2300.489569	1350.018405	1401.997502	1373.838888	1296.362623	1967.645217	1729.204221	1839.815388	1873.834221	2122.969103	1367.845995	1685.627634	1659.222541	1701.192485	1814.051157	1763.255685	2161.82439	2104.449924	2136.857477	2257.078226	2217.869545	2462.858992	2556.753202	2625.709581	2986.494469	2655.164393	2198.253738	2568.912445	2779.456515	2632.414373	3012.485236	2202.849111	2351.442239	2250.04315	2562.837188	2018.344862	2322.161161	2161.177131	823.5587869	1170.818808	2855.869624	2787.240387	1600.577648	1862.866946	2081.670627	2270.51722	2074.996544	1946.933429	2359.496759	2539.483552	1659.144996	1737.640141	2043.329156	1457.96909	1722.32908	1466.66242	2135.496585	2159.422669	1901.518787	2097.764828
1399.158679	1494.692655	1588.654355	1482.365838	1626.880083	1748.15403	1862.312103	1931.895678	2057.916668	1532.58612	1672.573322	1580.714302	1700.954391	2034.237968	2433.674734	1489.819602	2038.010349	2472.846887	2158.656383	2746.453399	2857.672507	1645.994426	1969.173642	2076.992966	1547.588556	1564.751354	1805.317047	1873.773529	2211.535348	2082.61621	767.0694942	988.9608393	1036.16562	2381.489857	1554.87821	2338.357122	2032.172303	1155.042751	1385.177176	1812.888767	2316.930403	1352.493165	1406.826665	1374.917714	1298.901044	1977.733021	1741.91487	1846.262445	1878.652785	2125.889984	1380.054557	1697.595023	1671.379145	1708.46949	1821.117242	1775.381864	2168.681546	2117.485156	2146.080867	2254.902658	2219.587666	2473.706174	2562.650279	2637.594813	2990.478959	2669.619074	2201.210209	2583.315084	2801.413253	2657.26642	3029.343555	2209.616428	2363.376243	2243.620905	2570.598417	2023.049684	2341.283137	2177.542208	824.7536616	1171.591432	2876.891298	2801.814119	1605.908819	1865.675089	2089.672607	2277.10768	2085.218281	1950.886475	2378.70762	2549.252828	1664.583871	1750.521747	2040.446901	1455.880722	1724.383782	1467.595154	2146.090868	2171.679051	1899.715958	2108.198525
1395.991791	1489.274765	1581.331268	1479.011296	1624.333565	1737.283724	1858.330488	1936.478928	2053.950322	1524.279195	1661.304446	1573.276691	1697.447201	2033.736324	2430.618317	1482.929007	2034.408827	2476.557267	2161.499022	2734.362656	2853.022494	1640.795452	1970.935619	2069.845626	1538.811111	1558.317293	1803.787574	1864.950324	2211.224716	2080.572424	765.8618243	985.9780498	1033.755311	2376.883456	1551.84547	2331.973788	2028.233673	1154.284654	1377.980709	1799.540715	2311.236992	1345.036394	1399.530908	1372.352954	1294.062274	1973.562984	1737.099594	1845.622741	1876.485945	2123.70539	1383.470633	1692.581725	1667.565183	1703.869768	1814.702886	1770.937253	2173.158234	2115.465539	2140.370334	2239.252721	2203.218008	2471.978777	2547.290722	2624.277868	2973.296906	2669.554552	2200.165111	2572.810674	2783.749623	2658.864643	3025.96007	2206.831042	2354.971426	2239.581808	2560.550556	2010.22065	2342.598813	2163.092817	824.1585669	1174.843222	2871.197112	2793.563528	1608.300821	1864.149537	2091.17995	2271.637905	2085.85161	1938.552022	2371.959929	2544.025759	1662.713209	1746.548647	2028.995253	1445.773547	1716.814501	1464.242894	2145.614394	2176.607432	1900.525774	2108.116495
1394.762233	1472.686595	1563.601569	1460.59416	1611.864738	1712.41695	1846.27035	1928.285516	2039.117194	1518.640294	1658.851996	1575.419442	1692.910138	2024.567305	2426.418745	1470.035967	2023.571886	2471.518868	2151.949735	2726.154156	2849.307065	1637.161721	1969.238464	2063.116896	1532.249477	1560.990218	1795.850347	1856.925695	2201.234241	2081.990476	762.0974206	979.0722699	1027.409172	2353.335167	1547.192917	2315.386189	2024.465807	1147.566881	1368.626599	1791.152267	2296.093976	1346.542928	1392.430846	1367.189714	1288.171472	1967.070194	1730.27141	1838.157629	1875.833396	2115.834748	1379.563513	1676.336774	1653.531549	1680.021491	1795.711377	1766.835488	2162.693666	2109.00203	2130.410749	2236.097833	2198.792192	2460.045867	2521.234063	2599.601167	2961.819327	2663.583719	2196.168293	2551.220323	2758.506901	2641.976664	3017.729564	2200.487192	2346.457006	2240.434631	2552.620109	2007.950816	2338.199218	2162.25737	820.9346574	1170.887633	2856.716135	2769.716517	1598.457814	1855.412895	2083.964208	2261.571593	2076.180637	1938.32391	2362.212354	2535.365134	1654.288742	1739.681016	2013.517769	1446.720376	1715.179068	1460.886351	2141.654382	2170.754469	1894.898724	2103.182784
1385.870088	1459.102368	1550.847191	1449.698056	1596.491118	1696.733527	1832.57456	1920.594804	2024.16331	1518.758547	1664.057347	1575.557498	1691.24696	2021.169635	2426.64052	1464.603665	2011.578482	2464.507251	2137.20278	2721.241462	2845.821862	1629.625535	1960.282964	2060.799705	1531.862462	1566.058969	1793.78669	1856.201858	2203.040233	2078.305314	763.2996697	977.2145542	1024.541798	2345.698945	1542.328418	2305.729586	2013.847527	1143.466993	1365.189254	1784.299994	2294.832252	1346.032242	1389.687025	1367.369427	1285.164913	1961.191604	1726.397804	1833.743468	1875.904737	2109.580249	1374.513135	1666.674728	1641.998237	1659.06676	1774.598744	1760.231334	2152.28898	2094.356276	2132.652437	2244.758123	2201.115402	2461.910353	2512.103134	2590.396612	2953.001376	2660.377809	2195.722359	2538.160685	2741.585176	2626.060803	3011.187111	2196.507793	2332.420708	2240.639823	2553.178431	2012.427035	2328.608962	2158.202276	823.2715572	1170.483981	2852.931868	2763.06198	1598.258219	1854.866989	2079.149654	2259.2672	2067.465666	1938.961794	2350.995373	2535.845208	1652.357412	1734.392625	2016.263678	1446.96361	1719.927896	1463.391597	2138.954246	2165.889105	1900.231646	2097.482799
1387.781681	1469.487526	1538.929557	1451.288532	1596.206436	1684.910629	1833.608546	1914.536665	2015.802673	1525.470028	1674.808918	1583.491048	1694.230298	2024.123975	2431.119331	1463.625298	2010.254535	2464.031209	2139.97746	2732.483224	2845.023982	1634.375268	1964.818907	2064.25702	1539.19583	1566.594919	1794.126535	1865.278018	2204.877452	2083.35317	756.7553693	981.5492853	1031.575912	2360.689157	1547.660994	2302.541358	2017.139859	1149.539288	1367.889863	1795.847731	2302.089898	1352.893341	1399.535743	1374.347816	1293.114593	1964.850013	1735.37156	1842.265962	1882.226057	2113.289074	1363.843036	1663.683863	1639.539522	1656.772103	1772.391414	1748.211401	2147.888712	2086.518229	2135.759441	2253.934854	2212.110062	2466.599629	2524.956044	2611.552379	2963.726596	2669.575648	2200.507528	2547.567577	2752.274905	2624.27408	3012.895029	2198.101748	2344.290754	2244.827093	2560.398247	2021.404243	2332.738036	2160.455515	822.4391094	1170.723369	2863.224102	2779.176612	1599.409595	1855.627122	2085.416878	2270.786173	2070.827871	1946.924556	2355.663737	2540.034701	1655.709417	1735.918351	2024.623714	1461.783413	1723.714056	1467.767463	2141.886305	2169.868472	1908.181701	2099.561256
1397.603218	1483.38431	1550.673318	1464.779287	1611.413122	1713.328339	1826.164081	1915.153349	2024.686206	1527.311963	1672.285462	1580.571534	1703.917454	2031.408613	2431.329926	1467.677251	2011.577053	2462.417875	2154.766329	2729.422827	2843.629998	1635.48378	1956.969735	2057.785031	1545.74447	1563.184715	1792.807933	1868.440981	2198.919058	2085.52887	767.2050302	983.9249024	1035.21659	2371.908982	1546.047905	2313.99414	2028.918959	1150.439248	1371.344733	1795.756396	2310.635563	1351.550009	1400.392055	1373.551642	1295.15228	1968.284007	1735.27777	1843.296466	1888.467662	2119.292068	1379.082674	1677.290975	1642.909082	1673.265111	1797.563246	1756.277623	2151.560673	2091.170661	2141.909796	2262.46873	2213.81132	2481.141121	2540.75742	2628.83603	2982.32447	2670.709374	2203.385705	2568.238682	2766.934642	2625.508143	3014.658438	2194.114552	2347.408995	2239.490911	2561.840522	2017.307373	2331.792078	2164.174468	824.0065651	1172.176212	2860.20597	2798.579046	1599.241493	1858.638279	2085.257402	2279.829954	2084.082265	1943.533048	2362.909599	2543.188037	1664.342832	1745.802342	2026.668155	1455.859575	1724.491517	1468.483752	2142.890026	2169.814023	1914.885073	2108.907565
1406.554883	1502.777455	1572.991329	1480.913956	1630.390934	1746.046423	1836.038053	1930.735983	2043.441062	1524.742882	1681.999813	1581.859594	1712.833585	2049.309751	2440.453984	1478.69051	2013.906346	2472.850695	2165.693527	2726.498354	2856.609213	1641.614355	1965.373116	2060.170339	1536.250511	1557.108008	1794.59014	1874.688249	2198.706698	2092.726752	772.3792686	988.6174347	1041.12487	2380.02808	1556.070053	2335.532297	2036.767966	1149.674466	1371.30931	1796.26656	2318.237549	1354.366942	1406.339939	1380.794494	1295.875114	1978.695387	1746.135102	1849.0011	1903.796805	2131.760538	1383.139805	1700.420985	1651.525931	1690.632661	1826.215111	1775.185101	2164.241638	2106.895782	2143.00861	2267.075165	2216.090216	2490.816822	2553.711177	2656.204084	3001.501473	2680.121569	2206.751252	2587.212086	2781.228008	2643.2178	3026.752145	2198.798443	2359.062699	2237.39139	2566.285012	2009.275821	2337.742463	2166.426272	824.914442	1175.143088	2855.752111	2814.113369	1603.0185	1861.043614	2083.379141	2288.880953	2094.30927	1946.701311	2380.34844	2543.54478	1669.188869	1741.52492	2028.171932	1451.477925	1722.416884	1467.716338	2154.187826	2172.369346	1923.115553	2123.60681
1404.072582	1510.307798	1579.200823	1489.99168	1642.30411	1751.422816	1840.093443	1935.263584	2045.564485	1519.285979	1673.265761	1576.493256	1707.587651	2036.487621	2433.37394	1483.988572	2017.320496	2475.227944	2165.60651	2714.114726	2846.876886	1638.300652	1963.422836	2057.888057	1534.770004	1556.991858	1788.067606	1866.461543	2201.306522	2089.380796	769.9808053	990.189831	1037.951951	2377.810131	1553.370056	2336.908663	2038.304612	1148.308149	1367.400257	1789.617461	2314.397915	1341.664728	1399.640061	1373.011005	1294.750812	1970.828949	1741.329291	1843.067674	1898.837376	2124.384487	1385.487515	1706.92165	1658.585776	1696.903421	1837.785625	1777.76721	2169.84381	2108.318168	2134.040221	2259.051023	2211.367809	2475.35239	2549.226357	2653.541378	2997.49462	2670.257731	2198.605793	2590.994139	2781.02918	2647.059224	3019.106189	2204.310112	2355.723561	2226.943809	2565.034105	2012.102801	2333.632387	2164.463808	827.216004	1179.025997	2848.743874	2803.618697	1595.833374	1861.164361	2074.07134	2282.48313	2096.239126	1940.772533	2376.940437	2527.45207	1668.025851	1737.618886	2015.388561	1446.295952	1717.97436	1464.864212	2142.85811	2162.487564	1919.487088	2114.088244
1396.154371	1517.30731	1567.884897	1494.655608	1652.176272	1750.364369	1850.601881	1941.63229	2039.447824	1522.229086	1667.358098	1577.764208	1696.522028	2023.477135	2422.490072	1489.382904	2025.251475	2492.103126	2154.851527	2720.561456	2856.773742	1649.167887	1971.106361	2066.372787	1531.025028	1567.910992	1797.6592	1869.068769	2198.489628	2087.582405	764.7552801	986.5174216	1039.33096	2379.367029	1556.761106	2342.847955	2037.685663	1146.041862	1371.256887	1797.983303	2314.884446	1347.200331	1404.509882	1371.359253	1298.211344	1969.428977	1744.228765	1850.220095	1904.72201	2123.749876	1373.214686	1709.63	1663.511725	1705.784469	1851.318383	1779.410704	2180.878544	2107.461583	2133.919367	2256.695755	2213.579338	2467.51578	2536.848077	2663.970925	3002.800335	2665.106343	2201.477925	2591.997541	2790.310923	2654.882072	3028.07627	2217.003288	2366.930063	2235.415644	2576.053088	2014.487182	2332.989088	2168.082579	824.0451734	1175.529103	2860.974523	2801.578486	1599.44181	1869.523982	2077.335674	2281.909478	2093.41014	1949.002288	2375.0219	2530.391563	1664.25558	1728.803356	2014.708929	1447.547598	1726.790592	1463.817505	2141.000243	2161.993524	1923.590033	2114.248007
1394.34701	1525.051498	1567.428987	1504.721349	1663.901264	1748.013415	1863.304781	1943.723756	2033.214516	1525.888396	1662.191705	1577.974131	1699.409224	2006.579016	2410.637937	1497.731579	2039.60273	2507.855545	2149.901071	2738.789432	2858.708754	1651.226037	1975.6647	2077.643016	1536.061862	1570.419071	1801.445429	1876.966388	2208.829811	2086.387187	772.254548	985.6851649	1045.048082	2400.354819	1558.996601	2347.785428	2042.412777	1152.182086	1381.386199	1808.504925	2325.56797	1351.892228	1410.517636	1380.796556	1303.604781	1974.428868	1753.118352	1855.120288	1898.62981	2135.343208	1378.846268	1712.078461	1677.266093	1719.28514	1853.792707	1776.135323	2187.221092	2095.047776	2138.68961	2249.931308	2213.010454	2470.791117	2541.382228	2662.937516	2996.609229	2651.666136	2215.417481	2594.392207	2812.545091	2666.557138	3034.106051	2227.950333	2371.166769	2250.831539	2583.490103	2025.3378	2335.376797	2166.51476	829.0957232	1178.53998	2883.119119	2814.254296	1607.251335	1878.549561	2082.914286	2297.550069	2105.560398	1956.158844	2378.834734	2546.962821	1674.766983	1741.567118	2033.042108	1453.296289	1732.425225	1473.987391	2151.046139	2174.639227	1924.812192	2116.51381
1395.01092	1528.434743	1569.847411	1512.503211	1667.994316	1740.66897	1870.900669	1945.485961	2038.112338	1525.762382	1656.06474	1581.155192	1697.36842	2010.579562	2414.868146	1505.334378	2044.999785	2521.922834	2149.396089	2756.822842	2866.267072	1659.465084	1982.22799	2085.945914	1537.159563	1570.055199	1813.714051	1883.607359	2205.580333	2086.999232	774.5999511	987.6750591	1049.576578	2409.851397	1566.252713	2357.950741	2047.895481	1154.630517	1383.976622	1818.056458	2338.498206	1353.389825	1415.287773	1386.382657	1307.205251	1985.62411	1761.565872	1863.98733	1894.145149	2149.126384	1384.76486	1714.219293	1685.913767	1726.652565	1845.7622	1770.625386	2189.445176	2094.443102	2134.20263	2244.860742	2214.059382	2470.044624	2557.951467	2671.331357	3007.959757	2657.044848	2228.1937	2602.895394	2829.277492	2686.919501	3044.577549	2235.41239	2380.61964	2260.096359	2588.044052	2028.248328	2335.437727	2174.21462	833.7705097	1180.421364	2899.71063	2836.77302	1617.602167	1882.265489	2094.085455	2307.255437	2112.376557	1957.223672	2395.130076	2564.701311	1683.589717	1745.352149	2039.871631	1461.922648	1740.009796	1477.262355	2163.810008	2183.487189	1912.650277	2132.300107
1387.902485	1519.68975	1569.813022	1511.758216	1666.89066	1731.936136	1862.360486	1940.465706	2033.317399	1523.325589	1648.997769	1573.177118	1684.651016	2000.297053	2404.940941	1502.632987	2040.720397	2510.613913	2141.135456	2744.09327	2846.278634	1648.144617	1966.636061	2074.020061	1537.11611	1555.90922	1799.631406	1866.61162	2195.224386	2077.16649	774.7002907	990.0987643	1046.241789	2408.073353	1561.980443	2347.999903	2044.49133	1151.740578	1382.386549	1816.548332	2332.936515	1349.073674	1408.601363	1382.300393	1300.617843	1984.357738	1754.529871	1852.436904	1871.762554	2154.177367	1378.102156	1706.428492	1685.127868	1725.018165	1835.457878	1758.670746	2178.492349	2096.094828	2127.175006	2239.823232	2207.213321	2448.366897	2548.827908	2657.533225	2986.677611	2652.516883	2223.478445	2592.58221	2814.404526	2680.666927	3030.547074	2225.006842	2366.462203	2254.346869	2571.636909	2012.876178	2324.320195	2162.464224	838.5937847	1180.639527	2887.504305	2842.229724	1608.962204	1873.883413	2091.613225	2305.107098	2109.288885	1944.493464	2390.870613	2564.301937	1686.202286	1747.924596	2044.384208	1455.956687	1733.633981	1475.786544	2162.784034	2176.409846	1903.429033	2131.912407
1383.108581	1514.041883	1558.670499	1508.149904	1664.113861	1721.049445	1854.316399	1932.511965	2034.180043	1522.676504	1658.422248	1578.12774	1678.760112	1997.59185	2399.099852	1498.302957	2027.179442	2487.091036	2135.580723	2721.257461	2834.00824	1645.073604	1951.249796	2059.007845	1533.993767	1557.03372	1789.735744	1857.076935	2180.629996	2078.114592	771.9783477	987.7209499	1044.24851	2389.636032	1557.502717	2328.066328	2032.979857	1150.26788	1381.611291	1816.681154	2324.52241	1344.324027	1405.156926	1378.890464	1288.485458	1984.539669	1744.620801	1839.165957	1867.402472	2155.152437	1376.24481	1702.123952	1674.063627	1717.282381	1837.504833	1759.823395	2167.404125	2098.020872	2126.793951	2249.954816	2207.632534	2434.95391	2541.645422	2640.454367	2969.12863	2645.42787	2215.782464	2584.71402	2802.74935	2666.832622	3012.126846	2211.007731	2356.024598	2260.409346	2564.63337	2011.717627	2311.662373	2158.043147	831.943988	1179.736721	2856.186161	2831.453835	1602.304876	1875.617847	2081.97556	2294.354162	2099.738597	1941.927019	2383.633551	2558.788204	1679.354546	1746.32161	2045.135077	1449.659197	1724.870246	1471.55333	2161.815796	2170.611398	1898.853592	2140.087877
1380.941234	1507.274402	1569.359888	1508.118347	1665.009723	1729.240343	1851.772338	1925.547118	2042.374842	1526.983483	1656.397677	1573.96962	1673.42407	1998.884228	2392.560271	1489.001117	2021.865814	2459.733828	2139.33353	2711.304983	2826.618774	1634.306505	1942.801951	2046.789018	1536.981871	1548.176946	1782.128089	1854.569171	2174.729165	2074.838517	773.4626852	987.2713329	1044.217171	2374.963989	1554.55771	2318.984315	2034.718009	1155.0508	1391.117539	1824.435293	2316.777118	1342.621084	1408.514844	1377.584756	1291.064391	1982.831547	1737.724191	1838.121376	1882.318123	2157.668687	1367.932009	1700.221962	1679.039853	1723.61666	1837.384512	1771.131267	2164.348998	2105.652753	2136.548223	2243.760643	2204.476433	2420.067496	2543.66395	2634.084152	2963.838113	2636.976125	2217.031126	2579.08669	2796.86369	2653.495326	3006.342658	2197.972322	2350.481431	2264.441687	2565.828721	2002.969653	2298.111311	2153.975907	833.5315099	1177.583363	2839.209513	2815.085053	1598.683592	1863.992327	2077.25094	2276.209118	2092.602918	1934.467754	2370.292966	2550.546327	1680.559763	1749.291936	2047.42815	1445.121431	1718.600859	1473.274581	2159.99148	2161.490846	1909.35502	2140.251435
1389.492273	1500.740578	1585.431161	1505.039515	1661.219024	1744.415829	1861.423312	1931.092354	2062.46908	1524.610421	1651.42801	1569.379413	1665.529819	2012.514205	2394.461895	1486.16222	2019.883835	2459.298883	2146.388222	2724.02652	2841.256602	1629.298359	1943.35978	2053.96137	1536.946238	1534.947242	1791.031054	1856.230205	2177.708005	2073.955494	771.2685552	990.0268074	1047.242501	2366.895396	1558.732581	2332.989904	2037.034075	1158.749951	1399.260527	1831.385488	2324.931415	1348.220688	1409.038682	1381.84965	1295.109926	1998.316095	1743.751282	1841.026715	1897.358849	2172.599521	1373.0344	1699.262987	1679.603864	1719.651082	1845.572984	1787.994985	2167.424154	2127.7812	2134.643121	2240.052723	2194.645433	2410.793055	2551.732924	2638.384747	2971.644181	2642.231414	2220.206607	2589.421546	2788.870523	2655.204385	3020.501665	2193.511997	2355.057179	2266.583137	2564.04996	1998.667329	2306.771331	2150.792234	832.1722673	1181.184238	2835.997701	2807.534922	1597.790241	1857.441627	2092.233318	2273.473656	2089.026967	1931.770888	2381.348847	2545.149654	1680.874929	1751.578599	2053.160429	1438.314797	1710.846516	1472.766112	2169.253268	2169.622251	1918.100998	2156.613557
1382.92549	1495.962468	1578.123443	1495.039438	1655.481146	1743.211122	1864.401425	1929.136034	2067.679079	1514.733472	1648.492656	1568.180121	1655.848987	2013.526407	2402.086712	1482.776662	2008.453211	2460.86435	2144.110629	2729.411831	2849.932174	1623.472188	1946.081108	2049.651271	1522.477324	1543.232799	1787.466317	1841.220476	2176.693355	2065.810693	770.1842727	984.4271061	1043.243193	2352.03293	1552.63576	2326.496972	2019.758618	1155.811376	1397.521736	1830.189401	2324.032566	1339.388737	1402.623886	1370.462657	1288.963004	1993.712092	1732.223452	1835.257931	1892.91864	2170.615066	1377.381086	1691.334225	1678.4708	1711.288427	1839.46814	1784.66247	2166.263412	2130.650015	2113.879202	2228.757162	2173.200988	2390.894944	2528.74815	2617.576098	2963.28218	2638.648403	2217.525622	2578.924879	2775.518863	2644.75451	3029.965024	2180.638596	2347.938898	2263.86628	2555.326663	1993.214541	2300.846602	2140.183802	826.1176874	1176.880869	2834.41452	2787.211197	1593.365931	1856.093636	2077.076093	2258.609998	2081.283346	1922.582094	2372.680581	2535.802597	1676.124004	1747.784794	2041.16083	1432.382775	1709.051931	1465.512247	2158.745189	2165.116021	1912.784253	2152.433016
1381.777629	1487.625898	1574.259403	1483.647634	1641.403574	1717.161805	1864.147618	1928.511791	2052.435256	1501.801817	1625.121256	1554.782269	1644.658706	1993.945062	2392.250549	1475.512373	1997.509768	2453.501009	2137.987859	2714.913416	2847.146849	1610.65652	1938.656262	2046.577864	1520.711016	1536.324402	1783.220998	1832.675007	2172.20339	2055.022356	763.5783697	980.8305844	1036.139788	2343.81955	1543.784537	2303.669556	2013.538726	1154.492463	1387.406242	1809.733198	2304.039696	1328.610325	1392.138745	1363.450722	1284.795302	1980.660595	1720.28372	1824.987843	1870.081079	2152.326405	1364.551511	1686.896045	1669.606684	1696.908675	1811.052766	1760.366823	2163.007747	2127.508041	2093.438292	2203.649482	2155.533582	2372.400065	2498.026523	2586.181142	2957.886953	2626.745844	2208.876834	2559.161945	2752.837968	2631.249806	3020.986996	2170.902209	2337.556945	2236.724902	2536.816368	1983.591001	2295.585525	2137.712161	826.8838522	1174.002754	2821.153188	2764.290491	1587.87996	1843.70582	2072.151944	2243.96233	2069.35034	1914.610597	2353.69207	2514.458091	1662.93369	1738.965034	2029.214338	1430.120171	1692.765776	1456.623112	2145.8739	2156.080455	1887.893162	2124.143564
1380.947443	1480.403282	1550.995348	1469.281532	1614.742604	1678.051482	1846.382129	1912.645706	2022.191788	1490.790236	1616.717666	1546.350552	1632.08411	1986.250523	2377.353499	1471.996414	1992.118442	2445.472969	2132.153703	2691.610701	2841.090521	1617.287598	1938.143936	2039.285494	1509.275176	1537.559502	1774.213806	1825.161603	2158.701313	2051.993092	768.0345669	980.80151	1032.56647	2331.259657	1543.358531	2293.48436	1997.848128	1151.366652	1382.900332	1798.716293	2291.524681	1330.845834	1392.03309	1362.722602	1276.923869	1969.116301	1717.505832	1826.664355	1854.917726	2130.523293	1370.577037	1668.996481	1658.469168	1671.354811	1782.349682	1733.233994	2144.761394	2106.46389	2078.999434	2200.474514	2153.986497	2360.745583	2471.623607	2575.316933	2965.804278	2609.592062	2194.967225	2563.212305	2751.393928	2623.968001	3009.707277	2176.733638	2338.89072	2235.457064	2534.295717	1985.270828	2289.282671	2135.290375	823.7567817	1170.721309	2820.341214	2749.852689	1578.934032	1837.915603	2055.023396	2232.988488	2061.542561	1909.660873	2341.130588	2512.645315	1657.684528	1743.257394	2020.308825	1427.006069	1689.326559	1453.660354	2133.051623	2148.389241	1877.586492	2113.993242
1365.201472	1472.306372	1528.630896	1464.855471	1599.910754	1644.584521	1837.807903	1899.921957	1989.197748	1488.421897	1611.189392	1541.983364	1627.537211	1970.132747	2350.850369	1466.722052	1991.498705	2425.465586	2117.09495	2674.526896	2816.425586	1612.367118	1932.030414	2035.913456	1508.292058	1536.916648	1763.72832	1818.518678	2148.09279	2045.203728	765.6287787	980.8824341	1026.610279	2328.521226	1539.233189	2272.304896	1990.69071	1151.044476	1378.965629	1793.506295	2279.229669	1332.627954	1387.189964	1358.12779	1268.451429	1959.190743	1714.656423	1817.568127	1840.917546	2124.972804	1362.552417	1662.651079	1649.775773	1668.762514	1755.651558	1713.160014	2139.9535	2079.73329	2080.533843	2191.72143	2140.986605	2349.343556	2461.295442	2553.212979	2957.494369	2586.482123	2188.848019	2555.897675	2752.023212	2612.6357	2985.782293	2179.417371	2329.356078	2229.920372	2530.983496	1975.393661	2277.758309	2122.279491	823.2073098	1170.60386	2817.320185	2737.786417	1572.848342	1838.015529	2048.888601	2234.164766	2053.045069	1909.942314	2331.315904	2507.114285	1655.658568	1740.05367	2023.114327	1428.288901	1695.501498	1451.594526	2128.934455	2147.029772	1867.139249	2103.289721
1373.471098	1479.59711	1526.728857	1464.621815	1607.626582	1648.164871	1841.821488	1904.90501	1987.61681	1496.916789	1619.628551	1545.992238	1632.016517	1984.077087	2354.101848	1467.461349	1985.678707	2428.386843	2120.414377	2675.775247	2810.853344	1617.857676	1936.807498	2032.406927	1507.399852	1543.208653	1769.362094	1820.842762	2145.504149	2045.026299	764.1731425	983.1565047	1026.433067	2328.426007	1544.401083	2268.031919	1982.262996	1151.485588	1381.624918	1800.820153	2285.825444	1330.636695	1388.683148	1357.296747	1271.373983	1959.395609	1714.34634	1825.07698	1845.121031	2120.520461	1367.704658	1671.363489	1644.511271	1671.997641	1769.774854	1708.729889	2148.409046	2073.9381	2083.767229	2194.306665	2151.557128	2360.679248	2467.331346	2552.245268	2944.901655	2587.687311	2196.135648	2546.513058	2750.737984	2612.431023	2977.246214	2185.783734	2327.282853	2236.471584	2532.189102	1983.527525	2281.224127	2123.115145	824.9772211	1173.325447	2822.744653	2747.010479	1575.647437	1846.772942	2050.683512	2244.50385	2050.320914	1912.558547	2333.769759	2519.094328	1654.29224	1739.873278	2011.510604	1430.473104	1695.488892	1451.119971	2131.803259	2155.458601	1873.957947	2107.795481
1374.913397	1488.448069	1535.626683	1470.505471	1611.541994	1662.825929	1842.991191	1911.206981	1984.040247	1500.768793	1628.186677	1553.186529	1634.288745	1986.581583	2356.802553	1470.863173	1994.049965	2437.639419	2119.814781	2677.577698	2807.210171	1622.935105	1933.609796	2038.371883	1513.334139	1540.240065	1772.010198	1819.723872	2157.436715	2045.018915	762.6149573	981.7059245	1025.04928	2334.414721	1542.942957	2267.262137	1991.13591	1150.463944	1379.81243	1802.023495	2287.556206	1327.114358	1389.93827	1357.34015	1273.253208	1954.469319	1715.161216	1824.069236	1854.559814	2123.328327	1368.831817	1680.650198	1646.563953	1679.199575	1775.398244	1710.74076	2157.084754	2068.475462	2084.273284	2206.531737	2153.068814	2363.360264	2455.639335	2539.38071	2915.040979	2585.385101	2203.220062	2528.038961	2736.001046	2611.584338	2968.761983	2185.615465	2311.843947	2242.588829	2528.776325	1987.468006	2279.261787	2116.086114	823.7502909	1174.872181	2828.336661	2750.210196	1578.081709	1848.699186	2058.55297	2243.353809	2054.133983	1909.719965	2335.390812	2525.712226	1658.124752	1732.299909	2015.752746	1439.338532	1704.153711	1452.775136	2133.662734	2153.640856	1877.437736	2113.500576
1381.596378	1496.803866	1546.769577	1473.335813	1612.537159	1666.481922	1850.871699	1919.517769	1987.331862	1503.734103	1637.366157	1556.615025	1634.457147	1998.224395	2362.770839	1477.479699	1996.81916	2447.487213	2132.211646	2680.283629	2811.807162	1630.56648	1941.706006	2043.818156	1513.767489	1549.707161	1772.310602	1832.712628	2156.637683	2052.431074	767.5328794	981.4303827	1026.852566	2339.424607	1548.198482	2268.962768	2000.820872	1149.403267	1375.927521	1799.465432	2288.268836	1333.476877	1391.287403	1364.049074	1279.196314	1959.991898	1722.809195	1832.29362	1859.176887	2120.989361	1362.751424	1686.810575	1651.726084	1682.023361	1776.136753	1707.531966	2164.197545	2065.458634	2093.169195	2207.048671	2158.662592	2356.98688	2464.102311	2545.756306	2912.53382	2589.712708	2210.026158	2523.937463	2737.675953	2618.777838	2971.485854	2183.135852	2316.723476	2240.1565	2532.972738	1992.541903	2285.624612	2123.260379	827.9132243	1173.711552	2839.404766	2761.594985	1588.03392	1858.364601	2066.063427	2253.217217	2054.588101	1923.953191	2339.335553	2534.113643	1659.149802	1732.991918	2018.825917	1439.812039	1711.581368	1458.565144	2141.292116	2163.752026	1876.070794	2115.131281
1382.262419	1500.692688	1554.3656	1476.49083	1618.7946	1675.156736	1851.396414	1926.498645	2002.073851	1511.164038	1640.531666	1560.749018	1642.374499	2010.670893	2370.597436	1481.079448	2007.217784	2453.350134	2144.08296	2690.70162	2818.323881	1629.919934	1944.778662	2057.864456	1528.354362	1554.120601	1775.597291	1841.220983	2175.823996	2059.15343	768.5091427	987.1671064	1029.419586	2343.86551	1544.87476	2276.470481	1999.647399	1149.11435	1373.794401	1794.507576	2292.897077	1337.884546	1394.803807	1367.657777	1277.964409	1958.983881	1720.843676	1825.857956	1850.94059	2121.549296	1374.093051	1691.626274	1657.129427	1690.452101	1789.627458	1712.994046	2169.916831	2082.355829	2101.000623	2214.110748	2150.350145	2372.480762	2473.587717	2558.329308	2909.624076	2595.225101	2211.664424	2531.206951	2742.28873	2620.22596	2976.172606	2181.15667	2322.81137	2236.917654	2535.873904	1998.497922	2296.658729	2126.119894	828.2224673	1173.655822	2844.203371	2766.678593	1586.014195	1859.845703	2067.83352	2256.083311	2066.809949	1925.593031	2338.165332	2540.873492	1665.702115	1740.853309	2022.815139	1442.73497	1713.779931	1459.694959	2141.388319	2165.049016	1872.220414	2112.040213
1383.71413	1500.495325	1564.256208	1478.450256	1632.186937	1704.73453	1855.108442	1936.249534	2031.688935	1515.976063	1655.832259	1570.726289	1664.970233	2026.842003	2396.196543	1480.350023	2020.017154	2461.558141	2156.463384	2706.902162	2832.347091	1632.439671	1954.520297	2072.256621	1525.729346	1556.753441	1791.844531	1850.14364	2190.49071	2069.641214	770.4179061	986.3798157	1031.891815	2343.637747	1552.565916	2282.046912	2011.113854	1150.432673	1375.882935	1792.621766	2301.528292	1339.523306	1398.830243	1371.132412	1289.492168	1972.132658	1729.944727	1836.447576	1846.068609	2119.450705	1373.447884	1691.964056	1656.030156	1694.39083	1817.423577	1736.452681	2174.255803	2106.012707	2106.498464	2235.955655	2182.007192	2423.065363	2509.367448	2578.723305	2927.993269	2621.813077	2216.829694	2555.158922	2742.271451	2625.748683	2986.959526	2194.598783	2331.455821	2239.473446	2546.840659	2002.919724	2313.029955	2144.806853	829.6551612	1177.644721	2859.54035	2777.69516	1592.330663	1866.211958	2077.95752	2263.209344	2071.96578	1932.570749	2342.814217	2540.018537	1662.639999	1737.426428	2018.149528	1439.521881	1715.407038	1461.816879	2150.032748	2168.383923	1872.230109	2108.722962
1371.394118	1495.544965	1573.591659	1479.556312	1643.728181	1719.658905	1842.474047	1927.708037	2042.676766	1521.122573	1661.739401	1573.724595	1672.037236	2036.84148	2413.071	1474.31586	2026.622213	2459.361992	2163.189534	2710.968167	2848.124707	1632.521831	1954.954805	2066.745852	1533.053921	1557.10666	1793.899828	1855.584891	2189.055594	2069.315214	767.6919268	983.4102116	1033.724449	2352.501846	1549.151372	2286.482414	2012.116079	1148.870445	1375.082514	1787.075445	2300.398703	1338.620087	1399.507682	1367.682199	1287.312375	1968.393724	1730.631655	1832.625416	1845.316841	2118.757968	1362.32963	1687.317224	1651.639561	1697.503907	1822.640923	1745.871941	2156.85298	2105.889336	2120.233868	2239.32386	2200.041452	2425.692286	2514.726661	2581.225074	2947.718742	2645.79999	2200.026318	2554.786483	2746.053633	2617.568258	2995.60295	2190.695259	2332.810714	2225.389739	2549.818643	1998.456004	2315.304924	2150.216127	826.8243136	1172.949754	2863.372819	2775.297809	1590.954878	1860.863076	2065.782999	2254.50299	2072.188127	1932.767087	2333.136016	2521.161831	1658.157825	1732.697209	2021.479566	1436.112794	1705.939863	1457.112982	2133.506912	2153.194375	1861.992031	2098.147533
1377.033584	1485.059666	1571.215315	1477.818735	1645.982757	1730.495468	1837.619679	1918.745296	2048.684145	1520.839769	1663.463143	1571.307464	1671.956421	2037.561485	2426.254452	1470.138585	2024.104439	2455.422453	2167.953324	2702.571958	2850.571719	1623.944718	1958.391155	2059.236791	1536.501348	1554.381593	1794.659017	1861.153323	2192.025902	2072.524928	772.2537203	985.1885253	1036.219305	2357.499292	1549.056841	2305.186745	2034.791984	1149.189927	1380.551179	1787.567952	2300.01054	1330.213735	1393.548271	1370.331937	1289.993716	1968.100299	1732.988621	1831.52026	1857.425197	2127.089525	1358.789909	1679.318302	1645.029527	1701.054719	1817.870851	1737.844174	2143.266584	2102.102937	2124.146052	2244.164481	2206.350976	2436.716494	2530.602664	2588.48346	2942.849992	2653.055407	2185.32676	2553.889848	2744.869585	2613.462433	2998.083782	2184.884386	2332.144065	2216.161085	2547.910397	2010.180946	2324.678554	2162.911317	825.2482362	1171.874239	2863.214739	2784.136426	1591.801047	1854.712656	2068.935464	2254.963159	2086.232806	1937.136653	2345.891217	2514.280541	1660.469388	1737.437907	2017.294712	1435.230877	1703.110004	1455.497691	2131.313859	2150.791947	1867.82406	2102.474115
1380.588524	1480.129913	1558.292175	1478.680747	1638.251637	1724.049068	1829.98994	1909.234734	2043.083548	1505.108216	1650.081663	1567.909712	1676.255615	2023.021882	2411.122036	1471.5263	2017.581401	2454.17378	2148.51934	2700.633391	2832.898072	1621.179815	1947.747097	2051.060197	1520.388475	1555.869719	1791.784777	1852.436862	2184.693396	2069.612805	772.6740205	979.9698373	1040.517408	2360.650154	1542.109414	2327.059418	2027.041827	1145.839058	1371.419124	1790.051443	2305.969189	1331.707544	1386.868873	1369.369984	1286.49274	1961.922341	1728.605624	1831.164059	1870.867032	2133.796231	1365.801752	1669.403933	1644.657082	1696.527631	1801.211125	1736.642181	2135.633891	2088.037488	2103.975997	2223.366014	2208.333301	2436.361275	2514.065618	2583.986411	2934.235662	2632.394731	2178.949356	2549.478349	2752.276611	2617.92353	2991.342899	2181.782846	2323.278884	2220.617119	2546.096544	2009.261529	2322.036353	2158.487934	824.6730005	1171.877491	2859.31438	2801.77282	1590.860924	1851.840238	2069.260654	2254.953434	2094.691243	1940.396453	2358.224829	2525.479637	1664.259551	1727.045548	2010.240056	1432.605035	1696.808735	1460.199353	2130.619821	2151.227996	1883.375711	2118.551661
1372.724785	1466.036562	1546.841053	1468.823942	1617.39332	1704.559293	1823.681582	1893.303507	2022.211106	1482.382665	1618.921482	1552.883278	1662.810142	1988.063892	2370.562773	1459.105272	2003.176525	2447.620859	2119.327944	2690.24361	2807.397541	1617.298848	1930.500969	2027.062275	1504.52768	1544.234585	1782.332839	1834.314219	2162.383341	2046.170041	766.2079836	976.7241972	1033.878674	2355.323537	1536.327357	2321.221307	2016.80225	1143.049983	1364.81969	1780.3338	2297.846389	1323.788095	1378.55036	1364.950805	1279.619808	1952.375767	1714.610415	1814.745709	1861.083687	2129.554379	1355.640793	1651.688115	1633.643652	1678.183161	1771.126478	1719.284546	2120.828765	2067.337425	2069.422582	2187.818329	2177.066691	2408.80048	2482.093262	2559.504472	2909.113425	2597.224471	2174.566909	2540.002324	2742.837899	2605.886503	2969.185016	2175.942476	2305.58978	2216.563591	2524.065923	1988.204752	2301.07346	2138.056874	825.7086292	1171.869415	2837.378385	2795.350218	1587.001881	1844.355742	2068.907453	2248.768573	2082.728842	1927.683753	2350.537826	2520.194465	1661.435066	1719.940285	1995.628231	1432.684532	1698.072972	1458.221187	2128.560659	2142.12818	1880.220069	2108.331379
1371.026218	1455.942686	1535.209549	1460.211994	1595.52215	1681.147622	1822.122552	1885.98619	2005.30891	1471.633148	1609.184344	1546.207525	1650.679775	1968.411338	2343.684298	1453.282031	1985.827748	2435.275906	2106.321516	2676.818565	2799.964567	1617.361855	1928.091636	2009.746774	1495.568806	1543.052306	1771.353282	1820.131034	2141.268631	2042.607751	763.2197932	973.5886751	1027.071301	2341.372642	1534.39504	2309.419442	1999.18918	1140.538719	1358.977243	1779.798046	2286.636976	1323.873315	1376.299976	1359.491653	1278.768485	1948.468443	1711.278916	1820.584408	1861.380997	2122.111222	1355.015272	1641.972223	1624.893603	1663.607501	1751.682698	1720.412102	2112.217603	2059.264023	2050.196158	2180.36202	2161.646598	2385.699787	2464.625618	2547.846799	2907.100898	2576.919733	2170.059956	2535.107332	2729.297003	2595.357909	2959.838372	2173.577283	2302.442674	2215.017353	2512.586169	1979.885262	2268.203265	2116.087983	819.9127948	1169.634609	2810.693046	2779.689015	1579.006873	1833.962645	2056.336887	2244.214043	2066.304217	1915.720475	2344.799556	2512.617473	1653.037837	1714.69468	1985.950696	1428.456987	1690.718882	1450.873538	2122.529638	2140.972502	1886.549795	2104.152042
1367.617039	1467.31504	1536.553026	1460.741628	1595.039614	1679.158599	1816.120701	1889.682684	2004.7209	1477.50586	1615.456208	1555.674072	1652.206086	1975.922756	2345.850428	1447.012285	1984.292213	2429.049953	2110.301691	2674.761633	2807.082064	1619.267832	1930.9447	2012.825871	1496.419671	1545.975712	1760.146756	1820.853174	2138.529391	2050.131962	760.1146839	968.9871271	1021.689962	2330.987122	1531.503367	2294.473873	1981.737983	1137.69335	1358.478082	1776.492445	2277.254018	1327.439893	1376.179451	1356.136928	1271.556911	1944.765875	1713.5495	1816.893048	1861.556507	2107.255016	1345.986136	1652.469481	1624.876367	1661.867018	1761.423908	1723.335356	2119.415175	2062.221382	2056.96606	2194.100511	2149.852946	2385.959069	2480.050976	2564.451974	2923.707442	2580.575851	2165.345092	2541.52718	2728.771376	2587.398927	2962.260618	2166.156188	2310.218125	2210.686343	2521.820639	1983.185776	2270.079302	2118.77211	815.6454364	1160.450608	2804.544733	2759.830768	1571.866031	1825.09141	2038.494683	2232.981309	2053.484952	1910.527322	2334.304557	2496.993887	1647.422286	1714.115871	1990.987902	1426.115437	1686.396805	1448.118729	2111.861962	2133.672016	1885.217923	2098.804792
1373.955938	1477.113757	1546.860699	1464.855965	1602.32407	1694.074599	1819.262209	1898.882945	2014.627683	1479.576458	1618.347801	1554.663543	1662.700971	1986.363508	2356.121078	1450.397151	1991.806827	2425.1532	2125.117016	2667.784466	2824.247672	1618.176794	1935.044207	2025.850729	1499.607554	1545.19176	1763.373529	1831.251801	2145.233786	2055.91897	762.0869298	968.8011974	1021.096675	2337.117066	1531.825407	2291.833372	1992.09643	1139.388141	1361.540217	1774.791681	2273.914676	1335.873519	1382.172067	1361.957603	1278.121615	1949.580079	1719.448391	1820.43378	1865.568981	2116.203114	1354.482157	1669.297967	1623.665601	1668.266788	1787.605275	1734.822226	2128.366253	2076.779189	2068.205101	2202.783749	2161.76664	2397.978857	2497.696339	2586.752787	2946.115094	2593.973047	2166.950439	2560.218014	2735.863479	2590.370512	2967.052054	2166.816968	2321.116963	2208.25573	2537.211189	1982.372824	2276.865277	2129.801945	821.066634	1159.275888	2816.731584	2752.28747	1574.629189	1823.808328	2046.322635	2234.116521	2046.172404	1918.788151	2334.174849	2485.731771	1646.880475	1719.584464	1994.217376	1434.68972	1693.556598	1453.125732	2118.041669	2132.229767	1890.185435	2096.351716
1377.348123	1482.852556	1556.247284	1470.576034	1605.10894	1715.1955	1817.445336	1907.556722	2031.04423	1492.805123	1641.361106	1567.131261	1672.539123	2008.597938	2372.663589	1457.661597	2006.218568	2439.164456	2146.785371	2676.690484	2837.607897	1623.863529	1944.397154	2036.698144	1510.293759	1552.827304	1772.41187	1840.908772	2160.297596	2065.997593	765.6849731	973.0557848	1024.233689	2349.604992	1540.795054	2306.176322	2001.397959	1142.058598	1365.423927	1782.478046	2285.943365	1347.797973	1388.968856	1363.842185	1279.616045	1954.621305	1724.525144	1824.489038	1875.422213	2128.3119	1363.604715	1682.132005	1630.838631	1674.76577	1799.477791	1751.968757	2137.391974	2089.961021	2082.488027	2221.293676	2164.970914	2416.221308	2520.381977	2614.588506	2965.721894	2610.589246	2171.531486	2579.483585	2762.571718	2609.078921	2977.221133	2185.270129	2336.315107	2221.88797	2556.322113	1986.587017	2290.423124	2137.603968	824.1872228	1165.652931	2826.623301	2763.431953	1578.543849	1837.551933	2051.447368	2242.804185	2061.332181	1928.231663	2344.04893	2498.496514	1654.216353	1725.425007	2006.174845	1435.959367	1702.351994	1455.242369	2123.889232	2134.376341	1896.402078	2112.592892
1386.031427	1492.191749	1565.382545	1479.001181	1615.47456	1731.202605	1833.901873	1919.542475	2040.107443	1502.416828	1655.670854	1572.56982	1684.129	2015.470816	2391.387476	1472.133442	2014.402385	2456.39157	2155.678836	2697.742305	2844.927935	1635.022972	1955.261667	2050.30838	1514.98623	1559.934359	1784.998125	1854.823684	2172.22238	2073.698983	764.8215807	981.0201051	1031.834097	2365.655487	1547.9088	2328.567336	2019.669855	1147.139047	1375.11139	1798.505519	2301.375622	1353.158809	1396.434884	1375.860496	1293.077805	1967.115996	1735.905778	1832.667228	1886.172242	2147.419836	1366.955279	1686.238054	1641.174765	1685.525693	1818.593848	1771.008006	2151.371526	2101.13064	2096.065067	2234.268858	2187.683166	2436.397116	2534.344726	2626.464724	2986.624737	2625.586869	2185.568382	2593.117655	2774.698624	2630.069518	2994.339778	2201.658905	2343.917804	2239.49885	2568.520706	1996.883807	2301.515163	2149.815281	828.3045946	1173.180652	2842.485121	2780.685059	1591.255617	1847.520038	2070.14552	2261.948277	2077.213056	1939.914568	2358.047326	2520.654431	1661.687912	1729.461582	2026.015039	1444.765346	1713.912588	1465.585307	2141.039821	2151.036547	1906.950326	2123.682007
1379.645501	1498.337899	1564.363172	1487.465432	1625.91364	1739.708602	1835.913027	1919.898282	2036.45696	1511.366358	1661.298885	1577.739022	1677.585705	2023.774039	2397.601136	1479.10856	2014.832136	2471.708564	2159.210151	2716.033925	2855.709962	1639.968413	1963.599899	2052.504055	1522.397793	1561.227287	1783.885468	1864.11959	2181.764898	2080.820219	770.1987984	977.1897974	1035.390121	2371.812159	1550.481885	2342.592642	2020.911867	1146.891596	1377.678604	1803.152242	2305.880521	1356.054159	1400.38903	1378.227231	1294.422817	1968.167025	1734.964509	1837.837383	1888.759872	2146.613483	1359.469186	1688.511227	1651.668683	1697.249188	1825.03476	1773.196185	2154.911408	2100.453458	2109.361174	2232.797138	2188.241368	2422.824774	2524.028962	2630.492824	2992.979265	2634.950391	2188.124145	2583.75918	2790.948238	2644.499717	3008.386577	2195.063663	2352.348526	2240.839504	2566.750877	2000.522624	2310.030549	2157.981215	829.19429	1171.122215	2852.999881	2793.306457	1592.931114	1848.786626	2068.457301	2266.844986	2082.748851	1944.676352	2363.310791	2526.039114	1666.381713	1734.152363	2029.931635	1450.450771	1717.741699	1470.307668	2136.408152	2149.443793	1908.198988	2129.274998
1378.721441	1495.091792	1557.832967	1491.93985	1633.682589	1731.830532	1832.672991	1920.584232	2036.591168	1514.761906	1656.354147	1573.454127	1676.820769	2026.214278	2400.52697	1476.4826	2021.493726	2481.240827	2159.464914	2721.265178	2855.048155	1641.532371	1960.212679	2057.490052	1524.736165	1560.192571	1789.174397	1864.476131	2187.171739	2085.573099	769.8032986	981.1971655	1035.784163	2380.945532	1548.919801	2346.086838	2031.872364	1152.930921	1379.144011	1808.58739	2306.326639	1352.746318	1402.539939	1377.129853	1292.395747	1974.504958	1736.027204	1842.496277	1882.001371	2145.316445	1362.210703	1678.921607	1650.138169	1705.17472	1822.679056	1768.868513	2156.46369	2102.207186	2119.251214	2234.984518	2181.560912	2424.235154	2522.452528	2633.988705	2987.727543	2641.419107	2183.639521	2579.856606	2786.344273	2651.714784	3012.301279	2195.677727	2351.721634	2237.544171	2562.820269	2001.363048	2315.574095	2155.701557	830.1550391	1171.83007	2849.156743	2798.071171	1599.108741	1848.7485	2074.352845	2265.792587	2091.515018	1942.753157	2367.389561	2527.956305	1667.01668	1744.654381	2034.929922	1452.171908	1721.68841	1466.405946	2139.599187	2155.189814	1905.409904	2123.643031
1378.287515	1492.862514	1554.979308	1498.072993	1649.639525	1729.980193	1842.544328	1928.576116	2042.505764	1528.371039	1670.432832	1584.178106	1687.125466	2031.196542	2410.08051	1478.963158	2028.018163	2494.180433	2161.623104	2730.249869	2855.070991	1647.758246	1970.600385	2068.096419	1529.877317	1566.810388	1800.634491	1869.114642	2190.454657	2095.961233	770.3918084	987.7906665	1040.406801	2389.132911	1560.801576	2357.733094	2036.302171	1155.859547	1390.002886	1823.005675	2318.180998	1362.911269	1412.473913	1382.348171	1303.536752	1986.571756	1745.716985	1849.354075	1882.366328	2158.044858	1354.319083	1678.943349	1653.215081	1710.553187	1833.064365	1768.039495	2162.301691	2112.603213	2135.426247	2244.641015	2200.504203	2450.397435	2538.134939	2639.008649	2988.098818	2646.359927	2191.262674	2589.451562	2797.2996	2666.399923	3022.669456	2201.96158	2355.169226	2243.960427	2569.834709	2007.556104	2319.09735	2157.413003	825.7118316	1178.231179	2858.661433	2817.624279	1606.980925	1854.083604	2085.938203	2278.903118	2094.413965	1948.367666	2381.202188	2539.017291	1672.623487	1748.96905	2039.608023	1451.973517	1724.890731	1471.591029	2151.008571	2162.26335	1907.408324	2133.980809
1370.615667	1498.63681	1558.06221	1505.107775	1660.741815	1726.321002	1841.392361	1931.573012	2042.590102	1531.660301	1676.389182	1585.883363	1696.079481	2032.484558	2414.381633	1483.486617	2030.363685	2501.817434	2161.362831	2733.435055	2854.506931	1648.805675	1965.339657	2068.381282	1537.983547	1564.267316	1801.242729	1873.467447	2188.979285	2094.16746	769.8858909	985.4135168	1044.857017	2399.509881	1557.389362	2357.084194	2037.661669	1157.151823	1390.590462	1821.452829	2326.370188	1360.853885	1411.702153	1382.506183	1304.742046	1992.235006	1752.379711	1851.725837	1888.75049	2160.235207	1357.026089	1686.19421	1658.637018	1719.334137	1837.123529	1773.281611	2166.683572	2112.217996	2148.181312	2249.285303	2208.524301	2460.798163	2543.489912	2648.997479	2984.777156	2651.738331	2195.101756	2581.76886	2795.116477	2671.410393	3020.830454	2202.027098	2357.766953	2243.130561	2567.631373	2014.352721	2318.977714	2159.639853	825.6391398	1180.040695	2858.641739	2827.642836	1609.816361	1862.401873	2085.479099	2284.18356	2100.161183	1948.923589	2383.274984	2539.828956	1677.59289	1749.204361	2048.858662	1450.964557	1728.09257	1476.035887	2152.900034	2167.3322	1913.386602	2131.247507
1383.316818	1505.060604	1566.382306	1508.225329	1663.828274	1726.915853	1848.934365	1934.679408	2043.636442	1520.742161	1667.422756	1577.399629	1704.603537	2034.997432	2425.584992	1489.279854	2031.67719	2505.132126	2155.445812	2730.258864	2851.039677	1648.375647	1969.156308	2063.089304	1533.718613	1565.935277	1803.087043	1875.41994	2188.185689	2091.17646	769.5930856	986.8302918	1047.396817	2407.902278	1556.639488	2352.344912	2043.341266	1155.23899	1382.037509	1809.580721	2328.273839	1355.620735	1408.915882	1387.167417	1308.417151	1993.944356	1757.623922	1853.672396	1888.151211	2151.404547	1368.070187	1695.997967	1662.903188	1721.7188	1839.714011	1765.08973	2166.567439	2110.263472	2138.934095	2246.630242	2210.564245	2464.225836	2551.942046	2656.286851	2982.895436	2665.826708	2197.546826	2585.799595	2797.806623	2676.683937	3024.421302	2208.606544	2362.599265	2238.410308	2555.166093	2019.985611	2320.350271	2161.009675	831.667676	1177.67676	2857.051783	2842.426349	1609.606866	1865.969943	2091.220892	2294.626347	2102.552485	1953.796632	2387.506659	2536.885369	1681.505027	1749.183426	2040.663727	1454.92244	1732.275215	1477.636405	2158.102448	2174.892459	1910.416105	2124.592808
1382.581389	1508.157033	1564.858867	1507.104301	1662.8863	1720.994839	1838.284496	1931.863901	2033.402184	1509.710611	1665.218768	1566.772088	1693.583267	2025.147008	2418.808192	1487.516279	2023.471137	2500.815008	2146.785218	2726.583118	2843.280003	1644.810455	1965.012188	2052.513217	1531.048056	1562.320584	1798.936938	1867.048228	2185.077262	2078.075768	771.5010837	984.875283	1043.93923	2400.324579	1552.299542	2341.74115	2034.823657	1147.639145	1371.100645	1791.482937	2320.342617	1350.327228	1398.683972	1377.46974	1299.099168	1981.61995	1751.340097	1852.486986	1871.851065	2131.4347	1367.955574	1697.782649	1660.762134	1720.766851	1830.985237	1747.655689	2164.870069	2102.999981	2123.892959	2240.29694	2187.926188	2450.089488	2541.981239	2647.793703	2969.456103	2656.971252	2188.622536	2575.7884	2794.653433	2672.156223	3013.345954	2208.541985	2358.957597	2224.370381	2549.502908	2022.198014	2323.777648	2158.683873	828.8320197	1175.032079	2856.960663	2833.831528	1606.445117	1863.264025	2085.624125	2291.219567	2098.460385	1951.203675	2380.164531	2530.846032	1677.114881	1737.467946	2020.215867	1450.834369	1726.079186	1471.655296	2150.080935	2168.731356	1899.879144	2115.798225
1389.288978	1510.15428	1561.191821	1506.468181	1665.821724	1720.7747	1846.899882	1936.55212	2030.478866	1505.26856	1653.975959	1563.04772	1674.262225	2015.785248	2408.509811	1489.499198	2024.16944	2504.789125	2144.776565	2718.320536	2838.917273	1648.08179	1966.065461	2053.200593	1530.107181	1563.449269	1804.537984	1857.662396	2185.240307	2068.751034	769.2836808	987.9469122	1041.910801	2398.45905	1555.335132	2327.297198	2031.77357	1146.005929	1369.875125	1788.370155	2316.383912	1337.334597	1398.673038	1375.877062	1300.926016	1976.655055	1748.786696	1846.267431	1866.835796	2129.565935	1365.744238	1700.257794	1661.395239	1725.138236	1830.500812	1742.431389	2175.648825	2104.284438	2120.771752	2236.905259	2186.691517	2424.066152	2521.515156	2639.081479	2959.373098	2644.12984	2191.168375	2570.105767	2791.064879	2672.564546	3007.708247	2214.754997	2353.288394	2215.537351	2547.802741	2016.698403	2322.313512	2153.022209	826.2436414	1178.905408	2860.206315	2831.150875	1604.203782	1864.604816	2092.229689	2298.028076	2100.945141	1948.358503	2369.678956	2532.088626	1669.964571	1732.11533	2006.426087	1442.332344	1714.695171	1467.426525	2149.069148	2176.542283	1889.081865	2109.107119
1382.50128	1515.693441	1579.192492	1514.790787	1663.883598	1738.281456	1856.040639	1943.705412	2045.103368	1501.431036	1649.624214	1564.751843	1662.697609	2028.904022	2405.957598	1489.35029	2030.885828	2514.510711	2161.955773	2723.725688	2866.694218	1642.70099	1974.259135	2051.605781	1524.737469	1558.990958	1801.395862	1854.370687	2184.925358	2071.258447	768.778883	982.0451329	1039.819761	2392.708531	1555.462948	2321.948664	2017.644023	1150.134243	1375.004696	1790.736525	2319.560809	1345.138284	1403.235695	1378.694292	1298.518206	1981.679468	1746.916091	1853.375658	1871.310119	2134.718797	1365.84401	1711.68612	1672.190938	1732.586847	1838.701249	1755.779245	2191.047892	2115.949376	2112.2434	2238.627414	2183.682548	2409.732447	2511.800056	2647.800296	2982.276412	2638.419589	2198.647636	2587.328764	2812.422548	2687.52508	3025.342081	2208.372413	2369.942686	2221.892556	2556.048923	2009.254008	2317.752661	2155.275208	827.4110656	1172.918269	2867.094963	2826.959465	1604.930193	1861.773723	2093.889054	2288.870845	2091.359997	1943.956848	2363.3065	2539.555713	1673.80292	1732.350816	2003.874702	1443.587414	1716.71964	1472.222327	2154.819152	2180.001134	1889.631088	2120.854971
1398.52138	1510.924126	1591.841656	1510.699413	1663.768048	1746.717334	1858.979634	1949.625932	2053.509717	1493.063293	1636.27195	1562.337896	1659.505499	2026.771777	2403.032196	1491.1552	2028.461024	2511.916735	2182.717277	2717.008764	2877.458469	1640.132406	1975.087015	2051.50089	1523.694133	1549.071319	1795.144366	1844.274268	2186.350894	2070.992753	771.3719423	989.30464	1036.804234	2380.542122	1550.896452	2307.188158	2020.419169	1158.864585	1385.94818	1796.810792	2310.347173	1333.41382	1395.962172	1373.965015	1287.536075	1982.875648	1733.7454	1838.421951	1864.408861	2145.756014	1382.429807	1721.054432	1676.621627	1732.364972	1839.650115	1755.806446	2195.449794	2128.807585	2096.372577	2220.026292	2172.302684	2400.770928	2507.100796	2639.771802	3000.164455	2635.252333	2201.046783	2597.986203	2811.692089	2685.356021	3031.671616	2196.908257	2373.71915	2230.641882	2562.674425	1995.37763	2318.992028	2148.467663	834.0584208	1176.547629	2857.122609	2800.958861	1596.3119	1854.127485	2089.562477	2272.671844	2083.946769	1923.670629	2354.853919	2535.225638	1677.252307	1735.309416	2009.724414	1443.745538	1709.305784	1466.777602	2158.57779	2169.655071	1875.585274	2129.513292
1397.506843	1501.225444	1590.635364	1493.448336	1646.172344	1729.525239	1851.986076	1941.078899	2045.941537	1484.374865	1630.846513	1562.826558	1649.943872	2020.717438	2397.141251	1488.104502	2030.179656	2498.538767	2180.390713	2703.969197	2874.757489	1638.176287	1973.799542	2048.052149	1517.180196	1552.304859	1790.064341	1837.988563	2180.181751	2071.149101	771.3096802	989.4302071	1034.558492	2355.952522	1549.602622	2293.712134	2004.860523	1156.977541	1385.296076	1802.626693	2295.968308	1335.164499	1393.632822	1372.051956	1282.575408	1982.391392	1726.786611	1836.586345	1849.273224	2143.971087	1380.703757	1705.391195	1670.423918	1713.01311	1820.859467	1747.597189	2187.114123	2127.060021	2079.150341	2215.467175	2174.416076	2392.820462	2506.246553	2622.67892	2999.541877	2630.455054	2194.176095	2598.88486	2803.12138	2674.193857	3023.768106	2200.321181	2370.919727	2228.527586	2564.710243	1995.633202	2310.988059	2151.246565	831.0032003	1178.227351	2851.425724	2770.049759	1593.878833	1845.770375	2078.932153	2249.953934	2073.414846	1924.131956	2343.116411	2528.96025	1672.484127	1735.043212	2011.893163	1439.773834	1706.993016	1465.895956	2157.163119	2169.263429	1861.507863	2122.980788
1377.845495	1486.388656	1573.336273	1477.727586	1622.835711	1696.454349	1839.877205	1924.54874	2029.74391	1479.021699	1628.914218	1555.986602	1640.19432	2012.145561	2387.477427	1476.280902	2026.771116	2470.32297	2172.628244	2688.167489	2867.005436	1633.757302	1965.105545	2042.776432	1508.870595	1549.717001	1774.928922	1830.605282	2173.430763	2063.458363	770.605131	983.4639126	1027.836519	2339.189537	1543.350597	2273.041204	2001.78915	1153.922726	1385.100699	1796.763835	2279.801295	1330.708761	1390.33032	1363.01867	1274.642314	1969.934567	1713.713209	1823.275384	1836.363915	2133.926031	1370.664511	1687.107561	1655.296153	1690.521919	1789.699332	1731.318303	2170.852239	2110.439892	2068.774193	2204.756571	2162.596936	2374.137529	2487.935558	2607.046561	2992.222407	2618.371884	2183.515333	2590.391734	2790.501403	2643.673303	3005.697597	2196.100778	2359.087643	2223.154597	2562.458553	1985.864803	2296.617328	2146.336513	831.9851227	1176.966967	2841.276146	2737.233236	1583.909084	1839.062907	2059.10493	2234.069639	2061.820714	1917.947619	2323.722928	2514.784704	1663.523532	1729.817523	2007.343239	1435.112137	1699.83282	1456.177527	2140.284887	2155.473829	1853.899743	2113.613223
1373.29599	1474.116174	1558.34628	1460.40085	1599.883317	1684.296123	1833.108565	1913.539052	2020.056709	1481.959932	1634.376348	1561.364132	1640.232279	2013.473051	2386.641099	1467.413901	2019.420162	2451.214017	2170.430707	2678.142306	2859.170159	1628.728803	1956.95014	2037.850536	1511.063643	1550.478607	1772.827788	1833.087341	2161.554396	2064.568077	764.4358075	984.5934994	1022.58558	2326.681017	1542.100461	2274.054371	1993.292115	1152.940236	1388.402071	1803.291162	2273.563806	1335.07542	1396.054676	1364.687156	1277.541824	1968.850377	1711.964482	1822.91164	1837.598391	2133.430601	1362.116843	1666.868492	1644.125926	1664.586871	1779.597274	1736.681563	2158.45326	2103.69409	2066.991007	2224.794618	2176.581237	2383.808655	2485.289691	2594.87413	2988.804592	2619.657109	2176.656753	2587.353409	2784.278621	2633.144793	3001.333117	2198.121643	2353.058676	2224.634548	2569.513844	1996.260996	2291.090846	2145.679593	827.6625167	1174.417569	2846.212427	2730.415396	1588.248208	1836.811006	2054.410313	2229.575165	2057.895756	1920.485487	2328.674737	2511.218302	1656.279231	1723.64501	2003.159518	1437.695029	1704.495807	1460.509351	2139.624241	2152.541064	1854.289588	2109.828118
1364.458357	1473.31692	1554.540667	1458.016476	1598.347849	1680.654923	1827.170089	1905.570444	2011.021332	1491.056437	1653.321511	1568.50584	1664.744436	2021.718985	2394.857413	1461.431626	2017.57083	2434.633433	2174.137408	2675.621448	2856.859778	1626.182459	1954.532508	2039.629874	1523.907892	1558.462151	1768.405178	1837.549827	2161.452309	2069.089475	761.1212034	982.4252625	1021.874051	2333.949498	1542.211178	2273.447979	1995.939653	1155.217298	1392.599449	1812.640234	2277.86604	1341.971714	1400.287155	1363.789517	1272.644895	1966.537034	1714.311934	1818.667995	1846.009058	2139.330679	1357.456649	1669.376187	1645.463877	1662.792331	1780.836645	1737.649701	2150.824835	2094.781809	2077.090926	2240.247101	2191.605145	2421.79182	2500.644583	2586.556551	2992.18487	2631.085093	2184.511942	2587.601736	2785.144381	2619.356892	3000.355704	2202.45262	2349.886264	2236.82411	2580.194128	2005.419355	2293.450018	2153.128064	828.7657737	1176.134876	2852.971098	2739.353648	1586.457211	1845.199998	2057.233355	2232.868043	2059.23931	1924.435365	2333.575755	2522.406143	1660.794436	1729.779111	2021.394861	1445.458588	1714.866638	1462.103675	2135.716795	2146.43578	1865.955996	2119.173988
1376.567704	1484.35885	1555.732886	1465.570114	1599.508009	1683.29805	1837.24851	1907.48785	2007.829791	1491.3959	1659.854153	1574.570376	1681.622419	2028.870762	2412.364889	1469.54436	2019.847499	2440.692751	2174.53748	2692.919758	2855.13504	1630.080548	1963.498749	2052.704359	1527.254947	1562.324639	1775.593712	1851.341153	2171.033449	2081.111047	765.5395594	985.6665006	1024.947545	2344.868821	1546.41796	2290.532966	2011.741457	1158.777239	1392.8105	1818.208279	2286.755487	1342.108649	1401.860764	1371.236827	1282.661552	1974.202672	1721.636715	1824.271056	1857.556532	2146.44442	1364.983403	1667.982721	1647.833458	1669.519248	1780.74487	1735.14614	2149.550722	2083.99054	2088.943777	2249.460733	2215.028926	2452.570404	2523.615749	2604.931234	3000.383356	2649.540461	2196.749576	2585.734337	2779.260311	2623.700501	3007.528332	2209.808817	2353.465512	2244.624626	2586.911016	2012.088079	2304.858491	2166.913588	832.7439438	1176.651326	2867.143382	2758.803949	1598.225522	1849.985614	2068.323553	2251.635227	2069.736793	1932.716107	2351.949471	2536.99948	1668.831524	1734.854141	2032.0099	1452.755448	1725.31645	1467.803759	2149.214661	2159.181321	1881.16937	2134.791231
1381.333214	1494.414638	1553.904124	1479.122228	1620.503049	1678.835329	1843.856352	1914.677834	2005.575101	1499.634952	1672.433822	1580.772188	1697.784906	2030.758816	2423.557206	1475.638126	2025.154526	2457.433227	2164.902317	2712.475039	2849.857694	1636.242531	1967.958509	2066.894843	1532.067407	1562.340549	1780.317193	1854.327562	2180.894217	2084.104115	770.5971357	989.1699291	1028.962035	2352.415689	1550.350724	2304.313239	2013.910932	1156.906372	1389.700032	1814.764104	2297.478898	1344.881236	1399.974052	1372.684315	1278.929316	1972.787205	1725.037948	1828.755307	1870.118497	2148.510417	1371.586668	1673.49666	1655.847975	1683.449241	1791.625845	1733.318597	2151.874677	2079.052209	2100.089888	2255.508665	2208.166943	2475.989615	2532.525796	2614.984817	2981.425308	2657.350054	2206.463314	2578.109724	2774.08402	2626.724367	3014.029653	2205.348068	2346.723736	2249.748966	2580.960468	2007.881938	2315.36769	2164.89969	832.7320636	1179.343462	2871.370425	2773.772111	1594.273878	1857.823998	2068.73898	2257.887984	2080.1653	1933.114358	2360.052405	2551.951881	1673.184551	1749.435345	2034.703452	1453.108367	1719.925186	1470.505705	2146.459289	2163.325007	1891.764221	2143.524929
1382.931004	1498.049011	1555.686842	1490.04208	1634.91242	1692.923983	1862.827612	1928.445414	2018.56874	1509.625181	1671.567501	1580.12888	1708.741842	2028.160541	2427.026666	1484.03146	2025.841111	2482.457061	2149.089333	2734.094553	2848.338039	1643.966379	1970.934475	2078.842114	1527.433137	1565.93675	1797.133216	1864.059597	2191.3833	2081.423607	766.7714199	987.1610712	1031.878403	2367.389773	1550.93666	2327.470107	2031.462594	1151.900963	1379.225532	1805.880756	2308.391809	1345.221692	1401.02945	1373.23409	1297.136774	1974.858268	1737.46628	1840.451254	1881.727163	2138.847462	1369.934242	1682.049417	1661.220855	1698.650331	1804.926091	1739.579628	2169.59618	2085.222678	2115.089476	2252.96704	2210.909311	2496.713139	2548.274703	2631.221017	2958.099817	2664.557697	2221.700146	2567.398769	2775.393366	2643.689384	3019.445376	2214.401083	2355.200949	2256.406685	2566.308171	2010.541923	2328.179894	2167.587977	832.6209444	1184.063604	2881.804961	2798.700392	1609.080687	1867.706315	2092.169055	2280.602775	2091.522717	1944.766829	2373.536788	2556.913787	1671.93937	1742.541733	2036.690541	1457.80888	1728.072121	1473.157818	2156.630475	2177.928952	1903.757231	2135.283314
1386.17239	1504.473442	1560.326443	1501.54597	1639.827668	1714.742833	1869.108832	1932.720969	2037.068377	1521.188225	1673.879168	1581.740567	1709.912286	2034.339061	2439.901197	1485.997898	2030.425793	2500.831723	2151.536293	2761.030245	2855.451951	1643.657419	1985.576975	2083.900931	1531.146005	1572.762	1801.549978	1874.902385	2204.979797	2087.621814	769.0188553	981.8396485	1035.545736	2384.035886	1557.318359	2352.515178	2037.811729	1150.73881	1373.089217	1801.166886	2318.679687	1348.144902	1401.073511	1377.190121	1299.472243	1971.719248	1747.859696	1856.506319	1897.794877	2132.310083	1375.26703	1697.027468	1675.634433	1712.145443	1826.078905	1756.726783	2176.199435	2098.437155	2124.415448	2247.754684	2213.421361	2484.664364	2560.806456	2650.700116	2975.728662	2675.813381	2228.165999	2579.045611	2794.323642	2658.777383	3039.544952	2211.143406	2365.926838	2259.423292	2560.92459	2015.071054	2343.217607	2173.260763	833.3873975	1177.408687	2887.282185	2820.912388	1608.337239	1869.922752	2093.673001	2291.187104	2099.744801	1952.068017	2381.020509	2558.67353	1676.797857	1749.848512	2041.419432	1452.360503	1725.424611	1475.112359	2152.911367	2184.683744	1923.57017	2123.807984
1394.698359	1502.925539	1565.369533	1496.884558	1639.333937	1732.423714	1861.106448	1933.073091	2046.495438	1524.676169	1660.905927	1574.299486	1689.248137	2026.662693	2439.267706	1485.851419	2028.710681	2505.182764	2140.723268	2761.13114	2843.039817	1638.845585	1975.496208	2074.978836	1534.567894	1570.992898	1807.052761	1873.750188	2213.879757	2079.797336	771.8260468	984.4148478	1039.389009	2394.534698	1554.802855	2363.397551	2042.254473	1152.346238	1377.114223	1795.691831	2325.335438	1342.650728	1395.229249	1373.838243	1301.933367	1968.99422	1754.096442	1853.692418	1897.422669	2131.416419	1387.595894	1699.030979	1672.381316	1711.891777	1830.53295	1763.988227	2172.740075	2106.428889	2132.13238	2238.059183	2192.186328	2457.936352	2557.703911	2654.016879	2965.898978	2676.834753	2228.268094	2577.497611	2789.33961	2664.01029	3038.446944	2201.628199	2363.49036	2262.531598	2550.733829	2008.627547	2340.260844	2165.453992	833.3243909	1179.46601	2883.179829	2832.256001	1605.45108	1866.613242	2099.64508	2293.78007	2098.33562	1952.540198	2389.182251	2556.515241	1678.031308	1754.960314	2041.305264	1446.167568	1719.50647	1469.744133	2154.509384	2186.362632	1921.63747	2123.042858
1396.276214	1504.512826	1557.696791	1493.074409	1638.286097	1724.493511	1846.409482	1927.176596	2038.468584	1518.689698	1651.604933	1565.229598	1668.256903	2007.609765	2421.97936	1482.619371	2009.259611	2487.504808	2127.210881	2750.720048	2823.212186	1630.268262	1959.392859	2057.482898	1526.624422	1556.679934	1796.81732	1863.062812	2191.515342	2076.548805	770.6888438	980.7381366	1039.806415	2384.152275	1552.357452	2358.450578	2030.296253	1147.371833	1372.132161	1792.444334	2316.400144	1342.684686	1393.445442	1375.785192	1297.095856	1966.959185	1746.36676	1855.445216	1890.958089	2132.05899	1385.05939	1694.672819	1668.443993	1711.495474	1811.526933	1757.450895	2163.876576	2097.534546	2127.207005	2234.750464	2180.192398	2419.280864	2531.803702	2652.992964	2948.819901	2659.950203	2212.59425	2573.981473	2772.393282	2654.816079	3022.126948	2194.851081	2351.650343	2257.062997	2542.194805	2003.414603	2329.993898	2154.508185	828.8557589	1174.211063	2853.598507	2825.10051	1601.764852	1857.920226	2087.844514	2283.095943	2091.457358	1945.395761	2383.361825	2540.846232	1670.016926	1758.033861	2038.522582	1446.386469	1717.09891	1467.878961	2148.450354	2178.548882	1915.073731	2122.639156
1374.796878	1496.470913	1548.139798	1485.474978	1634.565712	1709.549122	1840.454894	1913.195988	2018.343372	1511.667182	1643.825509	1554.591597	1644.500488	1984.580777	2390.740166	1477.150224	1995.624075	2453.97244	2124.989977	2717.275032	2801.840817	1624.9358	1942.866297	2040.523835	1522.977509	1548.303553	1783.134743	1845.888817	2166.187483	2061.421013	767.5297872	979.8143946	1028.972792	2364.199171	1548.524689	2322.719564	2011.699403	1146.995224	1367.035823	1788.316889	2294.780797	1340.576633	1386.833832	1370.122225	1283.882744	1963.285482	1731.490003	1834.15894	1878.235426	2128.876367	1377.478699	1684.463777	1659.572744	1704.175619	1794.370506	1738.804896	2149.531359	2082.048931	2119.436147	2222.109182	2166.750792	2380.435545	2509.423911	2620.682416	2929.110015	2633.478716	2198.540013	2560.541944	2759.434543	2627.491033	2986.539331	2184.101499	2330.481545	2256.449027	2535.287222	1991.948824	2305.088699	2138.263589	827.1807786	1177.884072	2821.741385	2785.285768	1587.064451	1854.481178	2070.703747	2263.073884	2073.761091	1937.801623	2358.646123	2521.437935	1660.551436	1753.761315	2037.326896	1440.590319	1708.211874	1463.693145	2140.325964	2155.230384	1896.926121	2115.302237
1381.008567	1488.199124	1548.349147	1471.356804	1626.638335	1699.461683	1848.520546	1909.333525	2013.080776	1519.013705	1648.440458	1564.492679	1645.441216	1971.787332	2373.452271	1478.066859	1997.125452	2430.820779	2119.072581	2689.078012	2794.984313	1627.057198	1932.602146	2037.53565	1525.106614	1549.817042	1777.221633	1838.448804	2151.016339	2051.641161	764.9114053	982.5121791	1028.519178	2345.467919	1551.071486	2280.553327	1999.993245	1143.946843	1369.027388	1791.239075	2282.334896	1333.415244	1389.23235	1366.362738	1281.607307	1962.798121	1725.529824	1825.28233	1865.101075	2127.40782	1370.723107	1679.888079	1661.680645	1693.30489	1796.539317	1739.189623	2145.282087	2086.468763	2120.541057	2231.277902	2179.375158	2383.089241	2505.251287	2618.258562	2941.268601	2623.052786	2198.586987	2558.414756	2751.652799	2611.181838	2973.036105	2184.925521	2330.221695	2262.732959	2541.928318	1996.622173	2289.555354	2141.570636	826.140694	1178.654346	2818.709048	2756.507245	1582.936332	1853.72743	2062.993742	2252.202954	2066.211609	1934.248517	2337.917821	2515.027326	1655.181415	1749.070353	2038.82952	1433.291199	1706.513449	1464.804171	2142.833118	2147.498076	1890.2814	2113.666402
1387.37058	1491.120339	1569.637297	1470.710408	1623.18415	1722.353412	1846.521569	1910.112515	2029.132847	1520.366011	1646.460203	1568.721835	1660.072302	1977.416157	2376.602733	1477.43908	2006.75064	2427.722528	2123.224643	2693.983253	2802.129392	1627.009313	1937.171114	2038.792789	1527.175181	1550.23618	1775.338824	1844.716364	2150.558892	2058.089305	767.2177769	978.1351962	1028.659422	2337.198898	1550.841378	2273.532034	2002.789527	1146.083359	1372.478202	1797.84057	2280.508872	1336.502508	1396.34276	1368.631226	1278.923382	1964.428744	1724.243038	1827.473446	1865.991935	2124.895774	1363.937244	1682.57168	1664.620747	1692.143868	1817.625217	1754.986825	2147.153101	2099.564567	2135.242418	2242.854445	2190.396948	2406.094033	2527.530602	2635.684308	2955.126289	2631.383784	2204.775539	2568.012985	2751.258679	2606.731166	2978.329175	2182.34567	2340.862156	2268.60631	2544.984386	2005.710832	2291.969383	2150.054593	826.6746001	1175.788711	2820.608006	2761.887798	1581.590284	1865.397912	2060.875029	2256.199183	2059.839854	1930.785054	2333.408001	2517.565842	1663.180897	1750.694035	2044.066303	1435.740858	1708.482675	1463.074627	2142.458522	2151.237454	1897.745564	2112.509757
1389.599228	1489.429722	1582.496191	1474.207032	1628.684548	1741.598405	1843.708525	1921.386714	2049.377359	1525.268364	1655.041177	1575.777654	1672.447005	1989.248009	2392.992687	1475.542767	2015.142352	2430.561057	2135.909516	2710.330086	2819.249843	1630.069115	1941.82596	2044.65902	1534.183204	1545.651942	1782.063622	1853.094604	2167.622788	2066.300825	771.9175626	986.1074299	1032.610567	2344.09219	1551.999562	2300.735903	2018.280986	1150.041591	1375.424912	1799.611894	2289.085436	1343.380368	1400.06502	1375.795611	1280.275157	1975.72525	1729.25818	1828.499636	1866.143096	2128.903009	1373.959513	1689.560521	1668.526437	1689.320354	1829.834964	1773.455858	2155.89893	2117.425991	2138.901637	2248.063554	2204.037458	2424.929803	2552.629723	2652.887786	2965.911154	2646.671746	2215.054273	2586.557536	2763.253039	2618.167667	2993.444984	2198.255417	2348.366922	2263.004515	2556.267207	2001.623689	2303.591005	2158.035231	830.1095567	1181.457109	2824.609971	2783.01819	1589.738385	1867.375806	2075.563609	2273.894769	2083.360763	1935.719179	2356.909338	2526.738094	1670.791224	1753.890971	2040.883683	1446.348477	1716.770072	1465.892477	2153.620025	2160.527684	1904.000549	2113.958989
1392.080703	1487.252801	1581.095513	1469.483458	1629.953727	1744.538678	1844.435992	1927.935117	2058.366974	1528.504491	1660.002547	1577.571594	1676.342113	2000.268014	2410.696181	1469.890106	2007.615998	2437.233447	2134.32618	2727.556024	2832.12437	1623.843964	1950.353179	2050.191168	1521.095271	1548.34473	1784.29343	1858.845423	2178.339652	2076.290277	768.3937511	981.8555187	1031.862497	2338.22459	1551.999659	2317.40066	2016.198408	1145.758012	1376.131226	1800.285844	2287.521134	1347.2641	1399.853771	1372.610749	1282.803639	1977.792408	1730.723412	1832.242742	1881.807856	2125.555542	1380.087927	1685.516675	1669.802384	1684.096239	1839.286971	1787.851432	2160.09754	2123.395442	2136.374696	2245.844737	2207.770287	2429.208299	2551.390972	2652.862935	2973.725365	2658.702079	2210.382408	2583.473521	2762.119852	2626.32781	3005.521767	2194.17672	2353.463021	2254.962293	2558.561557	1999.239779	2315.403311	2164.512592	828.2826754	1176.577901	2830.806633	2773.839344	1589.983449	1857.02368	2082.062836	2269.321403	2081.457173	1942.126027	2364.751155	2525.914994	1667.812137	1743.129721	2037.464688	1442.22917	1713.018905	1469.090709	2154.206214	2159.919061	1914.563432	2114.505331
1392.384754	1489.686004	1582.535456	1475.176701	1624.855594	1745.402134	1834.910309	1924.844105	2058.947716	1519.462549	1659.610552	1572.105594	1673.64053	2006.539077	2415.086136	1471.679473	1996.682268	2442.661287	2131.679262	2717.936853	2842.791806	1622.599511	1947.275303	2044.985653	1521.447329	1546.607099	1784.266456	1855.415389	2179.739659	2073.918217	766.4490683	978.0120004	1031.657197	2342.962338	1546.608311	2319.543262	2017.074244	1146.120132	1371.507724	1789.643053	2287.41258	1345.780006	1396.581978	1372.858755	1283.254538	1975.595557	1727.684888	1827.924964	1886.234413	2123.986347	1363.536469	1684.992732	1660.387509	1690.24038	1828.952541	1789.662003	2156.35476	2118.772052	2129.626892	2240.990473	2197.543033	2422.503346	2548.994501	2647.955084	2983.982818	2664.774273	2202.854496	2572.921247	2756.330271	2623.431533	3011.605313	2183.176933	2353.651792	2230.918976	2552.938475	2001.659576	2314.701396	2163.843774	826.8373062	1174.041548	2826.294977	2769.992478	1589.23489	1853.954669	2074.168513	2263.979155	2081.450467	1937.710212	2357.545093	2517.252397	1667.046384	1737.903552	2020.438459	1443.374937	1710.5825	1470.133781	2146.989878	2152.702287	1912.470578	2110.145461
1393.598032	1490.777392	1579.687819	1477.313347	1619.998038	1747.128242	1831.950341	1923.687033	2054.516416	1513.455028	1660.338825	1570.136116	1677.785132	2018.338784	2423.15658	1471.411495	1996.66881	2447.727391	2151.599335	2704.002106	2853.477144	1623.731948	1955.886837	2044.171397	1518.707571	1545.21245	1784.04623	1856.144688	2178.851226	2078.430439	768.7446091	978.7581198	1033.192387	2342.845901	1546.730842	2316.211925	2020.957541	1143.695271	1369.334278	1781.010982	2293.107219	1342.204358	1398.189808	1375.935873	1284.029661	1975.532566	1729.845004	1832.267351	1875.449172	2124.747983	1374.076498	1690.691766	1655.25982	1691.687362	1828.564482	1781.500279	2157.411395	2121.01413	2120.231663	2243.197727	2194.350286	2434.371996	2549.427028	2658.179657	3000.293218	2669.730867	2199.233768	2585.651357	2765.16773	2629.491299	3018.475021	2195.052482	2356.69082	2219.792086	2557.116991	2002.939971	2319.11225	2165.899816	824.4776708	1172.361828	2835.059368	2785.233952	1589.97425	1851.876247	2076.349396	2265.684142	2085.228727	1941.697285	2356.097402	2515.956837	1668.2555	1735.570352	2015.232445	1445.591202	1713.750594	1466.029414	2147.196063	2158.244175	1901.995246	2106.901773
1386.685185	1497.46997	1571.448159	1486.248201	1632.609665	1749.180364	1829.860774	1926.381953	2052.358806	1515.532841	1676.08077	1573.116606	1682.389145	2026.64422	2432.409609	1472.884551	1997.257038	2451.659949	2154.692194	2695.253278	2855.850503	1625.321417	1954.933351	2051.34973	1521.560527	1550.330578	1783.520522	1857.64219	2186.095436	2081.163314	770.9380279	981.6064476	1034.729641	2354.078833	1546.182237	2323.738108	2027.985575	1145.631169	1372.326961	1788.892765	2300.767625	1344.755383	1397.012761	1371.742475	1283.732942	1973.476726	1732.502435	1831.935503	1889.674155	2129.550353	1374.480667	1693.568068	1649.354658	1701.232037	1835.189761	1771.750731	2161.996563	2120.280392	2126.901139	2249.244155	2192.535724	2432.977103	2543.601881	2660.688976	3002.942323	2678.266964	2199.804414	2591.606622	2773.340044	2638.427287	3018.706992	2193.454304	2359.915155	2223.109071	2565.511848	2003.977778	2326.66033	2163.533935	825.5493585	1173.535894	2841.723144	2795.104648	1590.714807	1856.44689	2077.312314	2270.727877	2087.187564	1938.725406	2357.963332	2526.306041	1672.313104	1735.195383	2017.808585	1440.381389	1712.993782	1467.192695	2143.899863	2157.805491	1906.300491	2110.020942
1387.710476	1508.786911	1575.318436	1501.904065	1658.331319	1751.451569	1842.182844	1934.570455	2048.280056	1518.054427	1675.744051	1570.794933	1674.141802	2028.346127	2439.651747	1474.66383	1989.061377	2461.653918	2149.389286	2697.773035	2857.18309	1619.749567	1953.808706	2048.560141	1531.212926	1545.747767	1786.60277	1855.403227	2183.342253	2074.34289	767.2567064	979.6418683	1036.376248	2364.732727	1549.229629	2324.188198	2022.618708	1150.541915	1377.62461	1795.434538	2307.822226	1336.224372	1394.708906	1373.054975	1293.633435	1977.385791	1737.14167	1843.477898	1890.034031	2138.451188	1357.739645	1696.441836	1652.080636	1719.328944	1844.808602	1764.391602	2176.502907	2125.31492	2125.000219	2246.31904	2188.002797	2421.95957	2527.413221	2654.922215	3007.767055	2679.240184	2199.539971	2578.740977	2786.509666	2656.749526	3024.723072	2191.998886	2361.400837	2218.9095	2559.889245	2002.527757	2330.092123	2160.779537	824.8641728	1173.660196	2854.537703	2818.456321	1602.408765	1854.664088	2081.409603	2274.016186	2085.900315	1942.10687	2355.148348	2527.375863	1671.135679	1731.922862	2017.082065	1442.770659	1711.09125	1466.51696	2146.170681	2165.197522	1900.00787	2116.253465
1382.97905	1503.628255	1571.123427	1505.422077	1659.003167	1726.570518	1840.513308	1926.861507	2026.63028	1496.453496	1646.377328	1557.439239	1659.451965	2011.73971	2410.361763	1481.844034	1998.460572	2464.266389	2148.678848	2698.60718	2842.791053	1619.083705	1944.727427	2038.149316	1516.607768	1543.090092	1784.155067	1838.431164	2175.161098	2060.056188	768.8437937	978.7155622	1038.664221	2367.786203	1543.082268	2322.269552	2021.06937	1146.51516	1373.449181	1790.991069	2312.421351	1336.053316	1391.198667	1369.574719	1287.826106	1972.964232	1736.608823	1843.709662	1870.449577	2140.444448	1368.788801	1692.12086	1661.062624	1723.754212	1825.025459	1743.050882	2177.236645	2113.622437	2100.494368	2215.856415	2162.130557	2396.61109	2496.306456	2608.537065	2978.334993	2646.002078	2190.893481	2567.701577	2784.895412	2659.55644	3012.664709	2181.654451	2345.451692	2210.630898	2544.588706	1989.325798	2319.409572	2142.537591	823.8322977	1169.926784	2845.976069	2812.499219	1587.593141	1841.118135	2068.038468	2257.361104	2082.985988	1930.671431	2349.644684	2514.484874	1667.13754	1730.181843	2004.017612	1431.245103	1695.566184	1461.557124	2135.67236	2153.968685	1872.104519	2109.415571
1378.884451	1486.606225	1544.066118	1489.080819	1639.196051	1683.401346	1838.051411	1912.659096	2004.210223	1479.507983	1615.621324	1546.937598	1645.007719	1979.88841	2369.844427	1478.107929	1995.797837	2458.083961	2134.493452	2690.30975	2817.488046	1615.745641	1932.307369	2027.545966	1510.653598	1539.279291	1787.764263	1829.626333	2158.885059	2049.133602	768.6203631	979.3303526	1037.043994	2370.067473	1545.707667	2308.670576	2006.159564	1145.536246	1370.431854	1783.060736	2306.92851	1328.174619	1387.015735	1366.754321	1290.43246	1968.579454	1739.766491	1839.373717	1845.659566	2131.944039	1364.37719	1668.78552	1652.646324	1704.770255	1789.001606	1716.114672	2160.032542	2095.304427	2067.746202	2184.427384	2152.649235	2379.913581	2467.590038	2564.824787	2941.868048	2603.757321	2178.423249	2551.226203	2764.852946	2643.876836	2983.623918	2175.149921	2320.641793	2201.19835	2528.31679	1980.322478	2294.032726	2121.72143	829.7615142	1170.403652	2827.583032	2793.176008	1585.87564	1831.943905	2069.551989	2255.143207	2067.360823	1921.850371	2337.962187	2497.00326	1661.175228	1721.773929	1993.986606	1430.644793	1691.933213	1457.389609	2133.646521	2152.927697	1854.659899	2097.536366
1358.462304	1468.389431	1522.604882	1466.713544	1610.067794	1646.709179	1820.205864	1891.872512	1980.147034	1468.089961	1601.273522	1539.697004	1633.433583	1965.413603	2341.070051	1466.67778	1986.227804	2449.808086	2115.954193	2669.353778	2797.133453	1613.653239	1925.910274	2015.248363	1495.552531	1543.43692	1774.503068	1819.589074	2135.08238	2046.713887	763.4205069	972.0865525	1031.093884	2354.361152	1543.311628	2288.649071	1992.713584	1138.415943	1361.160886	1781.251361	2295.913544	1328.373161	1384.714852	1356.900885	1280.221611	1954.272264	1733.36125	1829.440915	1826.078723	2108.392633	1354.058685	1646.884647	1638.711909	1678.292444	1757.806066	1690.330953	2134.387541	2069.279319	2043.489529	2173.374272	2139.88214	2363.347474	2448.942182	2535.999498	2911.102438	2575.390408	2166.04669	2533.877794	2745.924943	2615.06694	2960.484688	2169.015444	2307.044331	2194.496415	2511.691316	1976.406472	2268.610508	2110.660721	820.7126554	1164.321175	2813.525114	2777.606752	1578.933383	1827.341793	2049.429753	2247.511243	2059.126551	1911.061901	2324.710982	2490.284918	1651.018882	1711.394598	1983.926724	1425.10608	1694.403098	1448.6032	2118.848527	2139.942859	1835.573214	2078.539841
1356.480793	1460.164456	1510.283408	1456.261316	1589.925437	1633.895656	1812.694969	1880.820214	1971.766077	1465.010091	1604.00506	1539.068619	1634.147105	1950.207788	2335.622924	1461.615167	1983.766596	2443.841381	2104.273352	2656.267955	2785.368459	1615.647237	1927.561077	2014.734563	1498.12932	1554.127068	1772.239131	1826.289309	2130.828485	2041.240002	761.9230472	971.6901023	1029.126537	2356.043588	1542.657064	2275.826743	1990.754875	1139.286683	1364.388282	1778.313203	2288.67287	1333.145102	1387.129244	1355.798865	1280.908964	1948.237169	1733.408729	1826.127693	1831.193543	2100.503527	1344.614402	1635.727397	1627.867947	1660.735418	1744.074513	1681.719856	2116.62903	2050.731086	2041.141355	2177.457508	2136.588933	2362.225983	2445.15728	2522.649055	2896.477807	2568.80372	2164.321338	2517.163983	2733.063417	2602.121517	2949.6739	2170.674328	2302.88053	2194.641138	2505.421019	1986.408167	2256.738873	2113.145192	818.0631165	1164.557524	2810.653518	2776.410907	1577.092498	1830.657017	2050.034708	2246.360847	2049.490155	1923.182142	2316.181761	2492.200763	1646.983791	1708.638425	1979.259682	1427.98466	1695.882371	1448.090642	2115.483219	2138.845275	1849.135272	2069.403311
1356.588841	1461.421075	1512.162936	1463.701687	1584.515009	1634.965013	1819.431607	1885.068827	1965.997504	1471.317446	1617.531001	1544.125376	1633.509125	1961.3997	2352.613815	1461.147427	1989.120314	2453.404224	2109.36563	2664.195247	2801.37897	1624.506038	1935.463708	2019.109319	1503.337845	1558.685019	1779.065168	1838.942657	2130.635184	2051.270769	760.303038	972.6784819	1028.557596	2365.728669	1545.040217	2274.69314	1985.51434	1141.283656	1365.901377	1782.183695	2291.610521	1335.730928	1390.560584	1358.541243	1285.212135	1946.657145	1740.09693	1833.752241	1828.167538	2097.145391	1342.288422	1642.56728	1626.993767	1660.513106	1750.061133	1689.271259	2122.271342	2048.04946	2053.036056	2194.930821	2146.200202	2371.328695	2465.100194	2540.187003	2909.510514	2584.855876	2166.045825	2523.156024	2741.084218	2611.595325	2955.728395	2174.953921	2312.232222	2204.507091	2504.573619	1997.643888	2264.877145	2116.722451	817.2995013	1162.782293	2817.140622	2789.300151	1587.074328	1834.985435	2055.180569	2257.450747	2049.388649	1924.096031	2318.960771	2497.390699	1652.776303	1710.718888	1986.57214	1435.519607	1703.003654	1446.605585	2119.633297	2146.146358	1849.905073	2067.907181
1363.983457	1473.381548	1520.138646	1475.938736	1598.72737	1643.148128	1821.268295	1893.577577	1977.331452	1476.455047	1627.294622	1552.95012	1636.772842	1985.777548	2363.954864	1467.088497	2003.185844	2469.593957	2127.236953	2677.891862	2811.450402	1637.42144	1943.858802	2035.731501	1509.621258	1564.119597	1784.137358	1842.541007	2146.414533	2062.426959	763.9079021	974.6126767	1033.872969	2377.460107	1545.920017	2289.535987	1993.905537	1143.482507	1363.71005	1784.671211	2305.362475	1338.118185	1390.482852	1360.343965	1284.771959	1951.14078	1742.248976	1833.853513	1828.89224	2107.330069	1349.501997	1654.92895	1635.777046	1675.306416	1766.489606	1703.073597	2134.698678	2058.685651	2056.775607	2205.907189	2150.971793	2380.352018	2476.569709	2569.346353	2923.686894	2595.198116	2174.986864	2542.01824	2759.967554	2629.107141	2971.321302	2187.365735	2330.050932	2208.396344	2522.05661	1995.18997	2282.553932	2125.41368	819.0624728	1166.891169	2829.10818	2807.962166	1587.256163	1842.294909	2059.82932	2264.958833	2058.26825	1934.51745	2334.49965	2512.081836	1659.883223	1717.051383	1994.566144	1435.617108	1703.942516	1451.717043	2120.655123	2154.084061	1857.031631	2078.774119
1370.095214	1482.392824	1536.267846	1484.079553	1618.189328	1669.272217	1833.450102	1907.387211	1997.100281	1480.018629	1633.878559	1557.996267	1650.306061	1992.0075	2366.754484	1472.304381	2014.00879	2476.855375	2137.706367	2688.449109	2813.827927	1641.51206	1949.469437	2044.865084	1511.063191	1559.071216	1792.370017	1849.480232	2155.96231	2071.463582	768.5099548	977.3020043	1034.223317	2382.291532	1546.59676	2300.123098	2008.624125	1145.66403	1368.388077	1785.947175	2308.928879	1339.268928	1390.628675	1368.41405	1287.644238	1963.081902	1739.816822	1839.021532	1852.065158	2125.225369	1355.520621	1672.789958	1639.749554	1687.287287	1792.013057	1721.487851	2148.147348	2077.729997	2066.222838	2209.036762	2166.815221	2393.613626	2491.048873	2589.930624	2942.339518	2597.336188	2184.644966	2563.129316	2773.801727	2644.711978	2979.533541	2205.54665	2344.166271	2212.218207	2537.034634	1998.757062	2295.737649	2138.48143	824.0754879	1173.984954	2844.827699	2814.715677	1592.321329	1850.837813	2075.540415	2274.974586	2079.364082	1940.294132	2349.297755	2520.547843	1663.798525	1717.090387	1992.446342	1439.31552	1712.457237	1460.281524	2137.990179	2163.664551	1877.372089	2102.649392
1372.873844	1486.671934	1541.20453	1480.262971	1621.137526	1679.181637	1835.172689	1907.750928	2005.147057	1487.147103	1646.481624	1565.452739	1652.348095	2003.966678	2370.968223	1474.119153	2016.911616	2483.986913	2149.436199	2698.046837	2823.858465	1640.717456	1956.483155	2048.249943	1509.646454	1566.941569	1791.772026	1853.569254	2168.705328	2073.383017	763.2748776	976.0772237	1032.953961	2373.414066	1545.626232	2310.876201	2010.657526	1141.958179	1364.911221	1783.223407	2307.524965	1343.037712	1389.545877	1371.807479	1286.765715	1961.757271	1738.343526	1835.792071	1856.556938	2126.379951	1361.288311	1673.388613	1648.751411	1689.55489	1799.146558	1726.640421	2152.172902	2073.753294	2072.450115	2211.447337	2170.828334	2399.88387	2486.286473	2596.710451	2945.690788	2598.880442	2192.54877	2565.241174	2782.855177	2645.550754	2987.708898	2209.412697	2348.708989	2213.731234	2547.977659	1999.910055	2293.852809	2147.179149	823.796236	1171.326176	2854.00747	2811.481131	1597.37707	1856.550445	2072.403778	2270.858644	2082.278862	1940.326211	2348.218056	2530.642252	1663.870324	1713.985809	1992.992573	1442.387574	1715.264401	1463.895459	2136.527803	2162.129228	1880.823606	2109.105008
1372.414865	1485.31112	1549.092149	1480.192612	1622.121794	1681.823145	1836.937665	1909.440967	2007.29179	1486.506037	1638.841197	1563.472564	1652.655925	2000.832338	2370.165952	1467.293563	2015.769678	2473.749631	2154.348204	2697.066586	2822.84362	1636.456162	1953.960475	2049.630092	1515.373507	1566.251237	1784.136592	1853.170713	2166.042364	2071.967005	766.7320112	975.4872395	1024.694461	2364.691017	1541.850799	2296.850631	2007.785872	1139.874542	1360.042301	1771.751875	2291.315416	1340.710576	1388.632906	1364.571135	1285.336322	1954.417442	1726.819193	1829.359421	1845.35036	2113.456337	1352.518288	1674.397539	1648.094319	1688.064226	1797.615033	1729.729946	2149.728762	2076.995806	2076.141297	2214.669663	2174.959917	2401.610176	2487.079994	2592.159794	2945.571671	2603.552122	2187.026852	2561.197809	2779.271881	2640.112619	2984.943197	2212.915191	2343.550178	2210.395424	2553.251849	2008.84396	2293.958862	2151.179102	824.9525787	1168.912918	2858.164148	2794.820147	1593.65367	1859.476763	2070.293567	2270.497745	2069.638865	1938.257883	2341.941124	2520.73736	1658.49286	1711.119503	1988.047446	1444.785252	1717.629245	1458.228033	2132.001217	2155.174985	1874.481512	2097.421977
1369.69004	1492.321145	1550.335198	1477.965676	1620.351564	1695.824734	1839.632218	1908.808595	2018.381278	1490.015829	1646.66442	1566.25623	1656.377873	2010.619386	2383.481675	1468.219614	2018.560615	2471.05673	2160.821423	2696.765596	2831.726023	1634.195408	1957.98476	2049.138159	1515.661048	1566.102758	1783.135938	1858.012314	2171.845529	2080.980165	769.5259905	972.4318663	1023.740277	2361.293414	1539.419745	2307.727047	2006.660119	1140.485565	1361.420969	1773.02653	2289.290998	1346.369491	1391.351949	1371.467713	1285.540527	1957.945538	1732.716466	1838.840176	1855.192801	2116.931461	1351.546657	1682.865014	1650.045552	1687.451433	1807.074021	1735.316619	2153.41891	2084.940857	2087.047678	2221.583921	2182.99069	2411.10823	2504.521125	2606.384097	2958.803044	2614.948831	2185.023576	2573.56928	2787.752475	2639.139207	2990.148816	2213.61068	2345.98985	2219.532424	2562.625477	2012.534475	2301.067331	2157.615037	826.8796034	1166.607793	2867.918187	2792.264343	1598.993788	1862.765138	2071.591516	2272.874095	2064.753693	1944.962852	2346.388377	2527.870069	1658.576084	1714.351377	1999.438864	1449.612809	1728.501553	1463.274269	2134.128098	2159.88597	1884.118526	2098.265435
1379.859186	1500.150893	1564.170083	1486.487452	1631.306735	1718.413722	1845.005912	1923.842894	2038.349675	1503.280475	1660.954162	1572.983032	1673.077482	2021.984407	2396.501413	1472.235513	2024.598127	2474.762506	2158.994049	2713.146118	2833.418565	1631.060534	1952.113743	2055.584728	1526.356568	1560.055315	1788.508056	1866.049833	2190.937836	2072.594816	770.2750906	980.3604754	1027.898656	2370.329701	1547.865422	2330.712756	2026.34643	1145.187684	1370.069241	1786.127255	2298.039992	1348.854451	1391.780374	1377.661283	1289.577554	1966.53274	1737.93226	1838.19868	1874.601364	2135.188148	1367.523125	1692.948406	1657.781389	1700.262056	1825.760789	1753.869424	2166.486547	2102.426488	2104.297802	2234.765309	2196.545772	2440.721526	2528.610063	2624.751979	2969.220494	2625.491239	2197.914437	2587.608781	2785.381249	2645.272409	3002.872443	2206.577448	2351.726436	2239.888615	2578.241743	2007.674818	2314.986046	2158.586781	829.9751848	1173.210713	2877.677218	2799.454678	1600.188795	1863.263371	2083.274129	2277.696148	2082.004954	1950.344892	2365.230959	2545.872387	1663.829511	1728.265073	2014.394693	1454.862115	1726.649924	1471.124925	2143.512286	2164.635444	1903.694231	2116.50302
1388.17329	1508.368284	1570.777443	1498.049253	1647.372023	1741.438111	1849.137851	1936.487313	2053.769531	1514.198928	1668.842757	1575.371384	1687.824315	2031.648218	2414.00432	1479.154995	2020.861692	2480.72298	2160.552419	2724.559244	2841.392861	1631.458149	1955.815153	2051.022848	1524.579372	1553.612044	1795.45744	1867.504266	2193.105623	2071.730439	768.5064063	983.1203744	1033.703884	2373.71239	1550.71162	2353.447516	2038.938474	1147.534191	1374.297992	1799.623166	2307.698247	1342.568453	1394.587773	1381.913002	1299.941223	1973.264357	1741.422283	1844.237348	1897.745588	2153.640427	1372.908503	1703.555325	1663.876093	1716.034713	1840.262894	1772.054073	2175.424896	2117.4021	2124.524325	2245.589862	2204.88191	2456.564667	2531.990755	2644.81598	2982.930619	2643.185132	2213.13745	2591.577652	2787.321626	2654.785333	3016.488714	2205.321996	2356.051626	2260.81938	2576.862308	1999.652155	2323.411236	2157.227726	835.044026	1180.423341	2870.709482	2809.570356	1606.306687	1863.668582	2092.370453	2280.82225	2094.885282	1948.948398	2381.434859	2556.686428	1673.617886	1735.030233	2032.991974	1446.160298	1717.669796	1475.582842	2155.333104	2170.115405	1925.033054	2141.056669
1393.793604	1524.480112	1597.337	1509.547291	1659.834838	1763.621652	1852.596989	1944.711435	2066.222859	1518.74608	1670.295746	1583.177905	1692.849041	2045.776824	2430.999802	1483.663352	2023.680536	2492.121205	2171.052138	2744.521812	2861.956045	1637.344452	1972.485396	2042.842122	1527.319663	1556.198615	1791.758628	1872.340788	2200.647988	2082.219366	778.7014925	981.7648784	1037.527214	2376.970655	1554.049635	2372.463692	2043.10627	1153.558618	1381.255027	1807.860012	2312.177242	1355.506011	1404.207099	1386.853727	1297.835847	1985.284643	1744.578433	1847.836783	1912.956957	2165.180914	1376.882694	1715.445286	1674.6679	1732.092922	1853.05928	1795.007397	2185.329267	2125.971794	2131.290702	2253.717369	2204.195272	2469.298554	2554.403457	2661.576517	2993.505414	2663.18475	2218.760188	2605.409709	2790.480269	2668.114978	3033.11043	2202.228983	2373.138012	2266.344542	2570.381205	2003.43998	2335.809042	2166.120257	835.5600256	1174.801164	2861.396459	2811.166597	1606.612353	1861.672863	2091.122644	2282.160114	2103.780828	1948.392416	2395.007702	2553.06014	1679.037258	1744.258836	2038.860691	1451.932227	1722.455225	1480.905474	2159.744032	2178.358987	1938.252084	2154.067688
1398.248769	1522.200801	1608.492335	1507.836617	1664.482318	1764.139462	1846.441325	1950.306851	2074.152077	1520.589801	1668.226856	1580.898261	1696.679076	2051.1228	2433.780081	1485.356383	2026.303555	2491.903702	2181.201475	2742.895482	2864.251576	1636.14628	1968.794387	2049.044313	1532.08712	1550.781287	1790.540751	1866.110767	2201.295566	2079.690479	774.2101999	984.3294725	1029.769997	2371.135203	1549.739659	2366.81034	2046.105087	1152.849284	1383.980858	1808.917659	2300.993891	1355.742988	1401.379959	1381.090953	1293.950789	1988.657809	1733.227853	1836.083914	1904.910733	2163.936941	1376.925765	1712.955874	1667.566109	1727.479137	1852.461955	1797.984632	2191.720301	2135.01955	2134.400021	2251.243453	2206.624659	2473.635974	2556.59558	2663.012987	2991.403629	2666.686245	2211.815208	2593.20674	2776.934385	2667.938241	3034.139036	2202.255469	2365.691744	2264.467041	2565.603546	2003.907664	2337.921135	2166.101757	835.7676272	1176.035074	2845.585863	2786.595692	1600.959524	1854.262024	2085.112	2274.772003	2098.942114	1938.031732	2396.330603	2538.110686	1668.264884	1748.889911	2040.780433	1449.736003	1712.422641	1477.407969	2159.596655	2171.099925	1924.790023	2150.811734
1394.231123	1514.196177	1601.340723	1496.972121	1664.175693	1770.085742	1848.853882	1954.970897	2083.143546	1525.226181	1674.933339	1585.369307	1695.300614	2050.536329	2436.489787	1474.335837	2018.778496	2479.139522	2179.189215	2740.531873	2865.503572	1629.696407	1969.864338	2041.84807	1524.563755	1550.601164	1790.039854	1860.730419	2198.095512	2087.014638	769.6391618	980.543901	1024.289672	2342.768928	1546.892587	2354.443494	2026.593419	1149.559834	1383.649241	1812.897374	2287.346718	1346.884822	1395.419199	1370.07513	1286.623023	1985.768549	1724.292624	1835.329581	1898.89627	2157.447091	1374.417223	1711.245421	1663.959019	1711.973938	1861.361045	1802.967043	2193.201219	2141.435199	2131.70154	2253.167509	2211.232521	2479.525534	2555.64516	2661.200608	2992.086286	2670.201213	2210.080439	2597.980594	2765.308369	2648.237273	3036.053732	2195.066673	2360.191366	2265.993346	2567.88075	1996.478801	2332.798533	2170.792907	830.4373199	1175.039188	2837.084582	2760.860728	1594.823937	1845.177066	2080.832856	2256.18141	2087.777869	1937.550335	2389.727695	2535.59232	1662.226269	1750.68004	2042.742253	1438.540649	1703.467265	1469.00983	2155.475246	2167.902944	1926.995486	2151.223304
1398.712727	1507.294609	1608.026734	1491.54208	1661.425559	1785.609324	1855.062717	1952.07369	2090.101275	1528.934341	1671.493333	1582.90334	1707.342748	2055.06491	2440.416196	1470.607938	2007.929706	2466.580873	2175.428	2745.448099	2862.295251	1623.171337	1969.822345	2043.954568	1530.877128	1550.877022	1782.871015	1858.643785	2204.60679	2086.9221	769.3462108	978.0230173	1021.909963	2334.186318	1546.699717	2354.192487	2026.014819	1152.867295	1386.676813	1815.583561	2285.160464	1349.559545	1399.549661	1376.215651	1285.644994	1983.956318	1720.35906	1828.333682	1902.41196	2153.698096	1371.845944	1705.380231	1658.908413	1703.380953	1871.976672	1818.641112	2189.173637	2147.599325	2143.629753	2260.229028	2215.412888	2491.686616	2567.64309	2664.4072	2990.751662	2680.345663	2214.419228	2595.722877	2759.003675	2631.721124	3038.93001	2186.506182	2359.778955	2263.51959	2566.394057	2005.317087	2331.33998	2174.710918	830.9608542	1174.598344	2831.766782	2755.233093	1593.633385	1847.973876	2075.573116	2254.988336	2085.568205	1935.320341	2382.803976	2534.501222	1666.210453	1752.825308	2046.902581	1443.790186	1711.399952	1473.701146	2149.985399	2168.121378	1933.132277	2143.459704
1403.709643	1495.852111	1611.454226	1482.095565	1653.381124	1787.691572	1849.114798	1944.514637	2092.187285	1531.516285	1669.90982	1581.738279	1714.649945	2058.678445	2439.753745	1471.534364	2006.556635	2450.644471	2180.859611	2741.809649	2854.987559	1622.801617	1969.864706	2051.44693	1541.193852	1547.864059	1785.65103	1860.403156	2193.819834	2086.947934	774.4363856	986.8653976	1030.711834	2343.058618	1557.176823	2355.452072	2031.689024	1158.206751	1392.116484	1820.844995	2295.00211	1352.221381	1409.893205	1378.917697	1290.053426	1992.729551	1732.386465	1834.719818	1888.152998	2163.070198	1377.551573	1695.335487	1659.474212	1689.915548	1859.266144	1810.921771	2172.951326	2148.945106	2143.366776	2258.569799	2230.157273	2510.398107	2581.724106	2673.620668	2998.365543	2681.555814	2214.292723	2603.070867	2763.537184	2632.564406	3034.771695	2188.134958	2364.692337	2251.491904	2563.309853	2007.969863	2337.955672	2173.118758	837.2980286	1178.621426	2831.631019	2787.937672	1597.038198	1849.583077	2084.06708	2275.354919	2087.640181	1935.338347	2383.725889	2534.862585	1674.825996	1752.643755	2046.315651	1450.678574	1714.179103	1470.459439	2157.721924	2168.84416	1914.995289	2145.643441
1385.980883	1491.292041	1589.648718	1478.888705	1649.738648	1762.071408	1847.054083	1931.164443	2072.298803	1537.126529	1666.556641	1584.75996	1715.30698	2049.92201	2430.122438	1471.621174	2010.060155	2440.048436	2164.794432	2719.230062	2838.574687	1624.143115	1964.864665	2055.032952	1533.972555	1554.125683	1783.551547	1854.071688	2178.078464	2088.553565	774.4191517	987.823365	1035.288616	2344.55553	1553.723147	2332.190147	2025.015828	1157.366393	1392.688041	1822.67192	2304.207463	1353.527155	1406.435644	1374.473409	1284.620145	1994.750015	1735.799324	1831.276266	1875.271773	2163.045333	1382.474201	1687.222579	1659.641042	1696.804309	1840.273679	1782.233444	2160.463003	2135.211802	2145.701867	2262.849546	2227.082531	2499.897562	2564.138812	2663.771664	2997.265226	2675.05016	2208.968049	2597.19326	2761.25819	2623.791736	3020.896635	2186.253907	2359.514196	2245.579449	2560.83381	2007.372613	2325.497133	2169.406679	835.1836831	1179.849047	2826.977929	2803.851285	1593.817083	1857.465743	2076.896926	2274.27858	2089.788246	1937.245022	2372.794478	2537.40972	1680.908731	1753.061022	2044.20297	1447.038367	1718.379609	1468.617507	2156.595455	2163.215896	1895.359897	2140.776121
1386.979239	1487.927616	1583.301097	1484.810621	1650.147463	1746.578253	1851.886315	1930.111039	2053.142777	1537.490669	1656.465869	1575.011497	1703.453883	2032.366312	2415.716413	1468.768314	2005.856575	2442.458119	2151.324206	2712.290155	2825.221221	1626.362227	1956.7152	2053.811901	1532.138244	1547.507815	1783.194861	1847.447918	2167.857654	2080.407703	768.7720959	989.3696906	1035.475354	2342.633189	1552.62992	2310.314817	2019.297508	1156.886744	1390.823843	1813.657146	2300.373802	1336.760526	1400.942254	1373.195998	1288.497736	1991.565928	1734.961092	1829.363309	1864.72138	2146.203048	1370.077196	1686.036039	1655.978872	1699.285999	1832.216266	1762.257547	2157.174432	2124.908721	2138.610674	2254.653178	2215.988704	2471.495251	2551.82967	2655.167872	2982.804657	2660.587305	2208.918712	2584.485839	2756.882397	2623.145086	3005.879443	2189.424142	2359.190456	2236.806908	2556.721618	2000.73184	2307.236668	2167.05385	840.4305329	1183.222966	2825.268734	2799.840194	1598.156815	1860.71711	2082.816474	2273.422736	2086.963033	1933.082648	2357.232373	2532.083969	1679.654682	1749.733213	2044.104504	1443.242589	1719.551453	1468.142546	2163.681645	2164.953318	1893.595349	2126.829644
1387.820767	1487.124601	1573.498722	1483.932684	1649.705008	1734.670119	1844.784149	1920.164753	2037.478527	1523.351019	1649.142275	1568.483795	1679.07094	2017.327191	2394.266315	1468.819496	1999.868726	2443.982935	2130.313367	2706.531782	2815.639757	1618.982903	1950.606651	2051.035323	1530.285192	1551.034028	1782.101702	1843.114485	2171.299688	2069.074233	772.1339851	984.0245584	1033.067987	2336.677564	1545.710517	2309.32129	2014.3664	1151.706299	1378.366187	1800.421037	2298.852473	1331.700647	1391.903675	1372.745412	1278.260798	1974.856366	1728.749658	1832.960145	1864.51648	2124.882678	1373.581087	1684.266612	1661.019815	1701.857325	1821.307786	1752.7206	2156.063914	2106.346996	2127.826421	2235.092518	2198.225866	2435.753496	2529.543507	2628.85642	2961.954938	2639.373821	2204.444397	2563.437336	2751.784844	2619.292487	3000.087578	2183.017522	2347.347833	2232.73464	2544.632493	2007.137727	2309.481517	2158.895323	830.3539874	1174.229308	2828.437392	2791.544394	1592.392635	1855.858259	2072.448004	2261.895034	2089.712246	1937.814067	2357.732133	2529.188466	1674.870807	1746.017345	2030.16469	1437.790963	1709.495591	1463.186773	2153.132087	2163.843528	1886.340059	2117.199743
1381.723817	1481.007603	1551.402325	1481.64827	1632.576076	1701.104316	1843.80846	1913.93077	2019.375829	1509.518299	1631.707044	1558.032115	1665.964321	1992.307107	2376.385463	1477.105786	2001.119395	2438.949536	2123.036378	2697.768982	2810.004813	1616.850901	1940.016772	2052.740631	1523.986242	1550.144746	1781.300172	1841.970804	2180.883829	2052.672716	769.8356471	985.2331407	1032.913995	2339.346364	1543.93951	2310.355111	2017.394671	1148.387708	1370.415129	1785.315128	2293.492383	1331.261373	1380.775457	1367.768124	1278.117883	1960.962618	1725.015085	1827.706736	1854.268575	2118.930087	1372.177766	1674.134312	1659.426901	1697.11697	1791.718626	1731.977748	2152.478575	2096.834494	2106.375444	2216.578709	2184.700343	2407.236828	2503.237282	2589.214982	2940.137545	2613.833316	2203.065385	2549.912694	2752.072848	2617.341415	2992.445326	2187.141966	2333.20142	2232.711269	2543.408179	2002.426876	2313.686839	2144.428474	830.3719139	1178.273291	2851.33379	2789.889966	1590.688113	1860.006549	2077.053649	2254.582943	2090.276401	1939.195903	2352.601767	2534.541011	1668.37242	1737.985156	2016.6768	1434.063878	1702.775944	1464.681167	2145.401786	2159.920046	1878.094049	2102.732584
1382.174802	1471.298085	1544.644656	1466.756982	1610.865764	1669.580171	1837.743733	1900.268329	2004.053323	1489.350316	1614.429667	1554.472365	1652.484326	1973.708394	2358.844136	1471.601402	1998.15648	2430.222604	2115.403872	2684.422471	2804.338484	1619.767832	1930.059282	2046.029061	1511.969362	1552.2051	1781.514108	1834.363249	2160.668003	2043.894015	766.0072653	981.8936276	1027.057542	2332.721747	1547.234773	2301.5806	2015.251288	1146.288748	1367.196204	1778.209917	2289.732139	1325.624394	1380.291728	1364.646851	1279.435059	1956.064274	1717.830032	1824.336871	1853.358294	2112.673847	1369.878547	1661.656391	1650.390366	1680.118998	1767.266009	1718.852425	2142.718684	2081.359262	2076.572811	2200.694641	2173.924969	2388.352317	2485.678565	2557.354132	2922.255509	2591.711448	2198.468108	2543.024939	2744.765342	2609.115264	2983.507079	2187.462665	2316.980686	2230.265547	2539.303962	1999.098519	2298.304072	2133.62661	825.4366602	1176.389882	2858.113324	2783.712777	1592.901109	1853.957952	2076.321773	2253.669269	2080.497922	1935.441619	2349.013445	2537.4794	1662.339654	1725.801297	2007.312309	1429.064049	1703.434808	1464.261561	2141.049944	2156.123871	1872.674789	2101.49866
1369.301884	1467.317881	1538.412659	1454.609378	1588.126292	1653.896494	1823.753209	1884.680696	1986.98147	1480.149049	1607.199719	1548.278843	1643.840278	1964.555354	2346.908806	1458.633188	1993.687431	2424.341638	2105.869499	2673.631683	2796.570065	1616.737695	1927.603483	2038.895187	1502.753819	1550.538757	1774.953292	1823.336158	2146.211552	2040.216178	762.5533391	972.6980613	1021.913374	2329.406249	1537.834419	2291.127991	1999.781256	1142.561905	1360.327075	1773.061647	2283.610809	1320.240688	1377.118164	1360.016659	1274.358941	1945.145305	1715.474224	1817.900577	1851.657775	2102.742394	1362.360903	1653.696113	1637.159259	1662.722086	1752.898003	1707.256245	2125.467569	2063.895292	2061.135636	2186.051248	2160.798432	2375.482822	2468.034229	2536.712092	2914.520215	2578.15721	2185.709008	2532.50698	2738.815989	2595.332313	2969.461401	2186.315377	2309.92605	2221.360267	2535.267145	1991.550503	2277.782393	2120.163484	820.4569859	1171.771472	2850.133569	2776.666655	1587.189829	1855.794669	2062.13703	2246.947521	2067.978638	1920.49667	2334.924873	2530.757533	1655.394708	1720.751973	2000.473244	1429.580585	1702.409576	1455.602654	2128.392252	2148.200714	1873.9265	2092.687693
1379.868266	1451.510574	1522.017005	1441.444449	1566.029087	1644.265871	1820.442376	1871.548491	1974.18703	1479.385501	1610.814763	1551.903356	1649.033912	1966.108365	2342.53434	1455.139833	1992.765203	2425.271067	2100.581481	2667.501891	2793.90202	1617.059526	1926.935948	2042.432355	1510.317991	1553.704648	1773.253991	1823.532586	2141.964647	2045.645129	765.3749883	977.1024429	1020.816973	2330.633646	1539.583246	2278.521062	1990.202659	1142.474191	1361.486546	1769.419543	2281.429903	1327.400338	1380.173687	1362.630979	1273.880496	1946.816757	1717.10498	1816.386732	1847.006532	2100.739312	1351.875037	1645.313888	1625.786011	1645.241211	1744.319014	1699.812738	2113.71077	2057.543743	2064.163375	2190.091723	2159.61881	2382.045667	2484.500271	2552.301383	2921.221755	2576.428199	2177.135533	2527.692962	2727.430906	2591.90043	2961.922744	2181.040729	2308.11464	2214.437366	2527.662104	1997.49588	2278.344902	2124.650166	826.0167446	1173.364457	2843.731169	2765.308222	1587.313079	1852.839795	2059.612948	2245.642072	2054.650295	1921.885284	2325.861099	2520.796231	1655.010802	1724.835049	2000.014181	1434.728307	1703.885393	1455.440583	2130.223994	2151.48926	1871.535928	2083.37924
1367.643802	1455.233071	1516.253844	1439.864084	1563.758724	1643.327713	1816.513993	1871.773692	1972.379282	1483.681735	1622.949506	1553.733442	1654.607799	1990.282616	2347.310449	1453.226854	1997.565881	2425.037878	2118.503897	2665.736106	2800.306275	1617.11687	1931.050254	2044.896038	1507.904838	1553.509712	1772.323685	1829.182332	2145.07356	2051.299822	765.0708515	974.9531473	1019.839778	2326.935434	1542.48608	2264.9881	1987.229585	1145.136503	1360.33808	1769.204495	2280.917367	1325.944987	1383.113855	1359.897184	1275.557783	1948.353325	1718.322388	1822.426295	1833.126459	2092.82795	1354.731346	1651.284965	1623.421241	1646.089958	1752.91375	1702.255433	2118.339165	2063.151682	2065.464291	2196.85232	2155.764948	2390.617567	2502.506142	2587.692266	2935.717669	2584.432063	2172.791463	2549.406938	2732.931553	2594.126708	2963.760485	2176.513811	2323.517914	2213.836108	2527.328562	1992.036286	2276.439278	2123.261988	822.9213845	1167.655061	2840.95684	2765.946843	1586.456681	1854.199901	2058.075958	2242.343177	2049.80447	1921.182105	2320.677088	2523.239075	1656.018135	1721.373535	2001.896521	1435.37636	1702.862337	1456.472423	2131.907463	2154.51537	1864.357759	2076.540296
1375.095293	1464.644533	1524.035573	1448.555065	1580.749596	1656.49229	1825.682286	1883.439743	1984.030733	1489.618861	1636.04098	1562.985239	1664.664248	2000.354117	2358.240341	1459.971613	2009.394836	2428.303993	2136.163983	2671.153978	2813.212235	1623.827676	1935.186813	2052.920379	1513.591003	1552.543806	1779.255579	1830.704983	2158.941956	2059.241087	760.0240094	984.2634785	1020.358207	2335.296354	1545.060724	2260.658955	1991.030259	1146.288004	1365.413119	1776.934327	2285.025049	1329.617613	1383.512057	1359.422765	1278.045817	1956.112612	1719.366355	1823.812483	1844.290858	2104.232972	1359.320663	1656.968567	1626.167328	1656.861063	1767.131528	1712.364634	2124.440205	2067.561679	2073.893669	2222.755931	2172.750156	2405.115892	2517.891406	2606.382279	2955.830762	2591.954525	2183.993013	2568.242636	2752.8831	2598.914489	2965.894525	2184.977857	2327.846033	2221.136559	2548.415546	1994.648544	2291.065951	2125.925622	825.3154137	1176.932115	2845.800297	2769.576327	1587.904835	1858.159136	2071.701294	2251.148968	2056.156468	1923.983179	2324.876281	2533.267918	1659.504572	1725.780117	2007.926571	1438.225342	1706.734686	1461.635675	2140.567884	2159.99533	1869.814767	2091.865704
1373.340228	1467.249093	1526.383352	1454.175099	1582.187256	1663.735235	1835.227379	1890.121162	1987.623242	1497.549225	1636.19001	1573.974837	1666.77443	2012.180056	2365.416487	1469.498765	2021.826533	2447.313614	2153.214531	2691.198579	2827.88666	1632.132	1946.335954	2064.636045	1515.132332	1559.126278	1784.169972	1841.548289	2161.906638	2065.213786	766.6155716	979.7063611	1026.152235	2347.368425	1550.875652	2276.472695	2008.565139	1150.010861	1371.815927	1789.54223	2297.123281	1342.150837	1390.956405	1371.594905	1285.477317	1968.011167	1727.992505	1831.078779	1859.188559	2123.527165	1352.079009	1657.008514	1635.989448	1659.759906	1768.175692	1714.950984	2133.730257	2065.636366	2086.239253	2225.703029	2185.315442	2411.827465	2525.834129	2617.925666	2968.138398	2599.755496	2198.066794	2577.846934	2775.54261	2616.792102	2983.495837	2193.380432	2336.789324	2234.95236	2558.749737	1997.947679	2290.248014	2135.429235	825.7286953	1176.587478	2859.750685	2787.352027	1595.493727	1858.782231	2079.070514	2256.465055	2072.121935	1932.103932	2334.382576	2542.776256	1668.198273	1731.237154	2024.42469	1450.294886	1716.634743	1467.882357	2150.277977	2164.728655	1878.193938	2108.912526
1370.397594	1474.95108	1525.420975	1467.206875	1592.849679	1657.306527	1830.283535	1896.891118	1981.920846	1499.685139	1629.626589	1564.727581	1654.357316	2002.500441	2364.094825	1472.428672	2018.830457	2461.392523	2148.660148	2699.49777	2829.003083	1632.436395	1947.367143	2053.395992	1518.745379	1550.455365	1782.376598	1834.513364	2154.550133	2061.107552	770.7341733	982.0090805	1027.57739	2364.642337	1544.611733	2286.98257	2007.647292	1150.994663	1380.009775	1795.10531	2298.441985	1338.7372	1392.618133	1373.097861	1282.669614	1970.458293	1730.955678	1833.279188	1855.357236	2131.464205	1357.933288	1663.372985	1645.947765	1670.525658	1767.407987	1707.356978	2146.150966	2066.500968	2096.64593	2210.757668	2169.211543	2392.585781	2514.21571	2606.677611	2957.58492	2595.687088	2194.984471	2575.039855	2782.768285	2634.125669	2986.981281	2192.265058	2335.804417	2234.091416	2550.668705	1993.432643	2288.457642	2131.089375	828.0927442	1176.767238	2851.563435	2793.722631	1592.213444	1849.182848	2074.929384	2253.283632	2075.320518	1924.432376	2339.48202	2533.473573	1674.037216	1744.583058	2032.448802	1445.349454	1712.164763	1465.143411	2152.135951	2158.428208	1867.22213	2113.555873
1365.680772	1490.650431	1534.116751	1479.263421	1605.0352	1652.894579	1833.609123	1911.631763	1992.641085	1501.579498	1627.664156	1554.750225	1639.046815	1988.238032	2355.314744	1475.692814	2008.264003	2470.429493	2143.905452	2697.044703	2824.481474	1633.101472	1945.575226	2039.30322	1513.233521	1549.633976	1783.119059	1831.264444	2151.154887	2051.060565	768.2087842	982.7687087	1026.970568	2365.831644	1549.704575	2304.211506	2009.723822	1153.125644	1379.095611	1802.193623	2295.825305	1343.008639	1393.629302	1368.825675	1288.27219	1976.20512	1730.996867	1831.480773	1848.922378	2139.644435	1358.524069	1678.091303	1647.126359	1684.598875	1782.51655	1711.502124	2160.714946	2084.354746	2095.577046	2203.119763	2167.512803	2376.378932	2488.768967	2578.006552	2940.588373	2584.401364	2189.338412	2569.281536	2781.012613	2644.972206	2986.408732	2194.475801	2332.777462	2235.228004	2549.766961	1987.648431	2276.946343	2122.016772	831.3061124	1179.757933	2839.131697	2781.456752	1591.901198	1845.720716	2073.156316	2249.078665	2069.571627	1916.515768	2345.463332	2520.63594	1668.84643	1746.545903	2037.440957	1444.799948	1708.523539	1462.161104	2150.138806	2154.636013	1866.25306	2117.026021
1363.580288	1505.016507	1555.022168	1490.037524	1628.441239	1679.825384	1840.390948	1927.475863	2010.745996	1507.673357	1627.008509	1559.837205	1634.2015	1985.955883	2357.157754	1478.928953	2003.934861	2480.639795	2138.291595	2704.640205	2829.178455	1629.252775	1949.440645	2034.948426	1509.987522	1548.658065	1784.370708	1831.908575	2152.790632	2049.672108	764.3943645	980.7976052	1028.405738	2368.867168	1547.919268	2313.571989	2008.305427	1154.077181	1387.105451	1810.100616	2301.159578	1341.466488	1395.580564	1370.605846	1289.536056	1977.668732	1735.07945	1834.914141	1858.715977	2148.223099	1356.627392	1692.778868	1661.958841	1701.468884	1800.469599	1733.014967	2178.306321	2094.67641	2102.186138	2200.568564	2169.37142	2378.427205	2473.491564	2559.76431	2946.977575	2591.429058	2194.462637	2560.114161	2790.041842	2657.030485	2993.502668	2199.166672	2339.252094	2244.811379	2555.644582	1987.666692	2274.444383	2130.896168	828.1296755	1178.746019	2847.091131	2778.748706	1592.072048	1841.332737	2075.250829	2254.828446	2066.26998	1921.039674	2351.690486	2525.691206	1669.403164	1744.100721	2042.611206	1438.555043	1708.415746	1462.630574	2149.730565	2157.724315	1874.876228	2124.973835
1387.345228	1516.125613	1572.549412	1499.795014	1640.549384	1697.207342	1848.093324	1934.705187	2024.460443	1506.834967	1634.456354	1568.596514	1657.212147	1994.006923	2369.403823	1485.227578	2008.964149	2488.781156	2148.092751	2711.963983	2843.885723	1636.580833	1956.115534	2041.074331	1521.455169	1558.166573	1786.320229	1842.03646	2158.667388	2067.966136	771.5132178	982.8408749	1029.813046	2375.600438	1547.613238	2327.411815	2017.102658	1158.223785	1389.238337	1809.783983	2309.740654	1351.451936	1399.407989	1382.097801	1292.283777	1984.001245	1738.53163	1842.372805	1869.570016	2157.014091	1369.628643	1701.916034	1672.619354	1716.034441	1808.148008	1738.462153	2185.854948	2100.296989	2111.163568	2201.744472	2181.10431	2400.231165	2502.147873	2557.777875	2964.17729	2606.55293	2205.336261	2569.493188	2797.152675	2670.849203	3005.422006	2204.435426	2351.542058	2245.106757	2562.295047	2004.659276	2291.001277	2141.575536	831.4555108	1176.871639	2856.548289	2792.488497	1597.571788	1846.746331	2075.442362	2262.611427	2079.356736	1930.281919	2360.02919	2532.334358	1673.668995	1750.807733	2036.413245	1446.232436	1719.653272	1472.920124	2154.660371	2159.859534	1888.359206	2131.913398
1387.004167	1518.559657	1574.273641	1504.386552	1642.838635	1698.26041	1846.755905	1937.533501	2029.205994	1506.411759	1628.038224	1566.705259	1660.616193	1989.934605	2372.144559	1488.982343	2012.346917	2487.25031	2149.309116	2711.439169	2838.357214	1636.71473	1954.779219	2039.690977	1523.569954	1553.854447	1791.527548	1844.913918	2163.822487	2070.284831	777.30798	986.8863316	1034.462704	2381.911149	1548.462027	2332.186026	2018.4226	1157.764126	1384.510906	1802.27754	2306.620661	1350.728134	1396.096662	1382.76481	1288.991163	1981.877854	1737.063884	1837.578827	1869.241335	2157.080893	1374.577299	1703.013784	1675.695348	1719.491597	1802.881433	1738.274847	2187.75375	2103.044262	2104.850935	2208.241411	2172.931039	2410.095741	2514.915166	2576.656779	2963.464782	2604.958424	2205.42536	2580.235017	2799.203733	2674.034772	3006.428424	2207.969222	2353.560203	2239.778802	2559.239785	1997.916352	2297.509054	2143.389097	836.5091742	1176.800541	2850.919142	2795.205183	1594.467104	1847.138323	2080.126696	2271.332783	2083.155654	1936.028567	2367.078697	2530.338816	1673.319759	1746.948083	2029.728376	1450.792259	1713.995027	1472.204034	2153.610083	2162.204069	1885.438053	2133.407962
1380.832894	1509.638119	1567.408701	1503.185365	1643.499492	1705.216933	1844.086156	1932.39914	2034.212033	1510.806584	1641.770157	1568.858184	1657.168912	2000.34781	2384.31406	1481.539469	2013.030865	2478.120015	2152.180266	2709.586411	2845.04353	1631.379797	1955.653044	2036.236141	1514.767721	1555.057207	1781.711266	1846.145144	2158.469249	2071.089468	770.568185	982.5622829	1028.364243	2367.920615	1546.718961	2333.563829	2014.861906	1149.482466	1380.753366	1802.945056	2300.811523	1346.427256	1388.810918	1376.311389	1285.392301	1973.60954	1731.464516	1832.252576	1871.68098	2152.530399	1370.742152	1690.92063	1674.083933	1717.703659	1806.749056	1746.680988	2177.629979	2104.129891	2107.340626	2218.48715	2174.242718	2404.327864	2516.073599	2599.248506	2968.259945	2613.89493	2196.24832	2587.69096	2788.149701	2663.994539	3003.937943	2197.121569	2352.402263	2241.171729	2558.679478	1994.117877	2294.820403	2146.026545	828.9021903	1174.556592	2832.798426	2786.520448	1588.024216	1843.56847	2070.440029	2260.144807	2081.492002	1938.15912	2366.009203	2524.834394	1663.235647	1748.707273	2030.180183	1441.769198	1707.096487	1471.603875	2136.562471	2150.864002	1890.77629	2127.906248
1376.268597	1496.639275	1575.598972	1504.736754	1645.874881	1732.941488	1853.139669	1938.50105	2054.338246	1519.005469	1659.809473	1573.996787	1664.161567	2014.54968	2409.950976	1477.827575	2007.40985	2478.581167	2160.374836	2716.022043	2852.582288	1623.27944	1956.26845	2045.567702	1524.091109	1553.621893	1790.271362	1857.186784	2173.373673	2074.328039	767.5575034	983.4720854	1030.979395	2366.685547	1550.474129	2346.394464	2025.105015	1152.20545	1378.480572	1802.782853	2301.057164	1340.982875	1392.643279	1380.536563	1300.637056	1973.377098	1734.450284	1832.439191	1882.620312	2142.979468	1359.099222	1693.682212	1669.551662	1721.200985	1828.830435	1770.140562	2181.76955	2122.561063	2123.543927	2240.233687	2190.40356	2415.958801	2527.637972	2626.785653	2989.186518	2642.962069	2201.832879	2587.498962	2776.606924	2657.31833	3021.509527	2195.29464	2356.641674	2247.422571	2561.550662	1998.483953	2303.015666	2153.855846	830.7030617	1177.423499	2829.115008	2788.914777	1596.873567	1853.009524	2083.49474	2268.038622	2082.124549	1938.792102	2373.717335	2527.865081	1664.560983	1743.045943	2035.611138	1442.55411	1709.376396	1473.880399	2145.574699	2157.004503	1903.875588	2122.247364
1390.625213	1495.923933	1593.608812	1503.361112	1648.119897	1763.196886	1858.918828	1939.972257	2065.714666	1518.705805	1674.503872	1579.722306	1671.911364	2033.851572	2428.738876	1483.185335	2014.670608	2491.164208	2179.732371	2737.183819	2870.668463	1637.652855	1966.650301	2052.467082	1532.237756	1562.485849	1798.157918	1867.354044	2191.746977	2082.666108	772.5332885	981.4621082	1035.326812	2381.189666	1555.961893	2361.417626	2036.127563	1151.424404	1381.016169	1807.47078	2312.226339	1348.764649	1404.026983	1386.481121	1305.425822	1978.46524	1748.428544	1842.480924	1901.448111	2148.409049	1373.208779	1698.708266	1674.97864	1723.622008	1853.476961	1800.082662	2184.43822	2133.675189	2126.051975	2246.127242	2194.29296	2427.144228	2528.515697	2649.159541	3005.739896	2667.253525	2217.249967	2603.615254	2792.899616	2666.991088	3039.299436	2195.690448	2369.83577	2260.195216	2565.529061	2007.932857	2327.328482	2165.58851	830.9860321	1175.802071	2845.855501	2819.461592	1607.747775	1856.470795	2087.747308	2279.181353	2096.385413	1951.564411	2386.547997	2545.871001	1676.693118	1746.055468	2029.974123	1446.297925	1716.082975	1477.038508	2149.816636	2165.016424	1920.017679	2133.18532
1392.52168	1489.170701	1586.568089	1498.086148	1640.563162	1754.16629	1852.46317	1930.901205	2056.680336	1508.283909	1652.893641	1572.028629	1665.588922	2027.037865	2421.476776	1479.443169	2014.272106	2491.854408	2176.36403	2727.123322	2862.002634	1639.578876	1967.242	2050.102221	1529.49559	1562.673487	1793.33841	1864.556866	2187.292772	2082.354431	772.0082244	981.9849181	1033.866919	2385.475545	1552.162375	2348.169582	2030.586113	1151.456061	1381.305986	1802.017496	2310.070445	1340.97784	1400.231365	1377.696765	1297.196425	1975.420508	1748.881256	1842.039886	1879.398007	2143.988271	1373.448719	1690.259021	1665.313528	1715.169835	1841.541699	1786.335518	2170.495885	2129.415685	2116.180571	2237.540866	2189.731507	2419.9623	2517.319667	2642.091122	2995.63753	2660.97817	2217.458142	2593.096605	2788.148356	2663.33603	3034.74054	2198.746214	2367.422138	2254.784554	2555.742687	2007.36822	2324.176482	2162.464728	834.6211558	1176.805466	2847.479522	2818.801464	1601.950676	1857.047797	2082.827088	2282.47938	2090.57036	1939.460699	2377.859973	2542.185316	1675.200666	1743.731429	2030.129324	1440.734136	1712.420459	1468.844952	2149.476264	2168.458639	1916.087631	2129.495199
1387.417175	1490.93954	1575.388056	1485.442282	1626.424533	1729.491237	1843.884593	1920.595251	2045.233942	1501.661414	1648.408179	1572.348627	1672.672073	2020.117415	2409.215205	1477.195767	2018.43903	2482.178074	2177.290943	2717.810306	2858.148158	1638.582865	1969.356451	2048.26414	1528.173483	1564.460919	1788.396247	1861.388371	2177.454967	2088.821205	773.1567989	980.0205382	1028.871438	2379.698714	1551.141322	2329.095469	2015.958246	1148.05178	1372.374455	1793.197896	2298.576202	1346.518369	1397.372985	1371.599495	1286.867112	1967.536411	1742.647061	1844.07962	1870.304027	2134.241699	1372.481134	1689.386767	1662.845263	1698.020236	1823.181389	1764.710826	2159.677293	2119.090358	2105.734139	2233.650405	2190.410573	2434.700456	2532.341398	2634.104429	2993.958064	2647.075731	2206.14114	2599.595783	2789.401628	2657.711441	3020.937009	2202.45971	2365.304837	2254.88558	2559.096989	2008.131362	2316.493722	2162.988471	830.3301119	1174.011284	2847.114876	2803.994859	1595.39552	1857.341692	2071.944031	2276.815217	2079.971338	1936.555267	2370.771474	2534.9135	1667.666066	1743.933394	2025.467094	1444.94764	1712.834325	1465.223554	2143.331478	2166.70324	1894.614035	2129.225943
1371.752244	1491.114774	1562.413338	1483.762022	1622.705619	1716.982621	1852.675729	1920.402577	2030.736743	1505.333842	1653.908023	1574.108071	1688.212156	2007.107585	2401.731745	1476.141226	2022.943703	2468.591296	2165.078603	2707.810861	2842.081629	1636.689636	1959.280642	2054.886778	1526.706963	1566.586069	1783.428876	1854.381759	2174.026596	2079.195274	764.8362615	981.5297274	1025.54189	2368.13756	1551.875889	2302.902925	2004.750634	1145.077757	1373.239367	1791.453835	2290.907626	1333.17921	1397.254222	1364.289666	1286.103906	1960.952667	1738.092379	1833.477701	1859.709616	2120.388327	1372.410099	1689.93428	1660.907091	1694.210781	1821.863937	1746.734402	2155.135964	2114.344716	2110.029546	2240.628011	2195.169542	2456.353737	2532.520813	2626.998062	2986.406241	2637.347775	2202.933089	2599.493721	2783.359807	2637.395068	3001.008499	2203.43334	2350.578488	2257.554317	2565.566373	1998.367423	2310.588523	2160.44101	831.3208456	1178.560108	2841.170299	2783.725227	1593.054205	1865.28872	2067.581109	2270.4746	2072.269971	1933.10724	2356.491836	2532.633609	1660.541708	1750.154058	2032.471283	1432.110093	1713.466212	1461.501327	2141.348622	2161.928507	1889.867771	2121.007966
1380.156167	1494.611822	1561.097351	1478.774885	1625.260188	1712.369938	1861.903438	1922.860118	2028.423548	1511.997134	1655.534291	1576.250378	1694.639356	1998.766597	2401.697447	1480.672178	2018.406439	2465.786329	2149.592539	2716.377885	2832.691001	1635.798469	1955.723888	2065.412389	1525.66774	1558.021357	1791.338799	1848.034286	2171.729293	2069.967521	767.5450845	979.9668855	1026.765403	2366.884208	1558.788651	2299.611028	2007.24387	1147.469902	1375.876689	1800.563839	2298.631248	1334.954839	1401.57602	1364.105528	1289.68101	1967.252378	1738.971781	1843.126806	1860.154911	2118.858795	1367.927505	1686.791271	1668.263127	1688.641791	1826.320788	1747.962647	2165.260594	2118.40649	2113.871384	2243.276462	2206.365874	2475.870433	2540.680821	2633.598397	2978.058303	2639.124283	2211.176887	2593.930297	2784.145998	2631.727117	3000.337601	2209.590323	2349.737815	2269.622787	2574.73089	2008.884796	2304.846429	2157.442993	829.823311	1178.804621	2856.479786	2785.32683	1601.965933	1872.779936	2074.3344	2271.185508	2073.007924	1932.107657	2358.29645	2543.684951	1658.921459	1748.405978	2042.167368	1440.460837	1720.326594	1462.263052	2147.530076	2167.778427	1884.048072	2113.286065
1383.134384	1497.7741	1559.118782	1482.994053	1625.846882	1712.654426	1863.011264	1921.908432	2021.611523	1517.35402	1659.876438	1577.100341	1692.569373	2001.251878	2403.00945	1484.618061	2019.308691	2471.970698	2135.598022	2718.915935	2833.077612	1637.921346	1960.235384	2072.291955	1530.833422	1564.942598	1791.26831	1853.446446	2174.631492	2064.682645	768.7052711	981.1168097	1030.905377	2373.035893	1556.107182	2311.761996	2007.851289	1149.811759	1378.862569	1803.375536	2304.651036	1339.245615	1402.414029	1366.090628	1289.144967	1969.322235	1741.145851	1843.604144	1867.217836	2120.371258	1362.304623	1689.361982	1669.67649	1693.019734	1825.722317	1744.733372	2165.066668	2105.437972	2118.162307	2239.720066	2204.988573	2473.535952	2534.018954	2636.44584	2972.187799	2637.422871	2215.551311	2591.554755	2781.948661	2628.300443	3002.293899	2207.225376	2353.698047	2272.034365	2574.658585	2010.174266	2306.399029	2156.366877	834.1972155	1178.085591	2866.245186	2798.313102	1602.569742	1873.959735	2074.424497	2278.996154	2074.981685	1936.452239	2359.246703	2541.168318	1664.607113	1751.928235	2049.06807	1448.434781	1721.266524	1463.27263	2148.171129	2170.17286	1889.328793	2097.009733
1386.747763	1495.73508	1560.908813	1487.140387	1626.779127	1713.722096	1857.886418	1915.464463	2015.939938	1507.882495	1648.365667	1569.641169	1677.902907	2003.879695	2409.923436	1480.551395	2019.018791	2482.195816	2138.241015	2720.551365	2835.483152	1638.07376	1963.62508	2066.825112	1535.890417	1571.015142	1799.988182	1865.725	2183.17253	2071.002716	770.2688724	980.0195311	1034.22686	2379.426087	1555.599417	2327.340618	2019.805607	1148.985521	1378.521822	1793.209428	2311.012656	1343.65288	1400.256991	1372.993857	1298.479901	1969.782841	1751.304872	1851.68309	1877.101206	2119.406089	1370.977709	1682.730037	1661.914922	1696.313113	1823.168756	1736.703587	2156.181473	2089.910208	2117.414165	2233.727653	2202.83935	2446.476809	2528.426934	2628.060847	2965.860576	2639.251018	2214.634583	2582.77778	2774.839378	2633.017199	2998.752241	2205.420437	2351.805556	2260.576405	2560.779445	2019.819187	2309.989431	2160.631647	830.3098072	1176.935981	2867.587966	2819.123269	1608.968032	1870.797763	2081.590277	2288.151284	2080.318639	1942.916801	2364.000456	2538.448028	1669.795717	1753.886973	2045.89565	1449.575459	1724.93195	1464.979407	2148.959037	2174.033546	1893.095922	2102.782691
1376.624072	1491.037751	1549.974981	1488.423901	1632.673781	1704.844291	1839.779747	1910.195629	2015.726678	1508.910337	1653.385521	1564.705772	1662.181513	2007.681635	2410.646676	1473.558049	2014.216286	2481.402295	2133.798202	2713.966916	2830.673503	1639.457925	1958.863232	2055.3833	1535.679185	1567.404508	1799.095539	1864.053223	2182.058337	2071.220427	770.9375797	981.6072376	1036.932844	2382.113123	1552.168854	2331.318648	2013.158291	1149.793716	1371.127633	1791.22854	2317.007493	1351.864645	1401.22475	1370.338447	1290.132047	1966.768229	1751.179457	1852.14375	1868.858957	2119.512173	1359.329852	1669.433614	1650.622758	1694.268257	1816.548391	1730.025443	2145.114606	2083.72286	2116.886597	2228.105229	2180.511331	2419.741465	2522.195496	2615.268866	2958.870257	2644.656367	2197.253451	2558.364464	2774.7499	2635.665516	2997.423886	2197.46447	2346.232451	2232.309311	2544.244425	2019.688849	2312.556357	2155.103741	825.8092858	1170.546738	2861.236876	2831.426816	1600.937804	1864.785769	2079.816607	2291.118082	2081.189217	1945.733304	2359.218979	2531.654569	1670.715404	1752.723308	2028.626277	1448.783882	1721.856522	1464.763122	2138.364448	2170.350768	1881.132212	2096.467875
1372.493256	1498.059115	1557.360135	1489.935195	1639.038742	1711.476515	1831.376559	1916.890022	2026.200667	1508.7094	1662.093083	1570.072978	1675.307248	2015.895882	2415.445602	1475.55353	2021.306832	2481.933677	2143.908307	2711.810019	2834.596612	1640.593779	1960.467588	2052.395306	1531.072867	1567.795875	1800.379842	1863.484655	2177.858357	2076.376483	767.193159	984.4687848	1037.570182	2392.232599	1557.369311	2330.450985	2019.86886	1151.722155	1376.037502	1795.278125	2320.024076	1349.707715	1404.805258	1367.77934	1298.092432	1975.036715	1755.431725	1857.24375	1856.727086	2122.403313	1360.150342	1679.059018	1650.000864	1699.668536	1824.354929	1736.253003	2154.098354	2093.584487	2117.396742	2233.87337	2194.092368	2443.462007	2520.399346	2606.290427	2963.718611	2648.11149	2196.191927	2567.654289	2785.112938	2646.611735	3003.734414	2205.646153	2347.059749	2218.256261	2540.004368	2016.133128	2316.945659	2156.312093	827.0531258	1174.101302	2865.224795	2840.172543	1605.665663	1862.548535	2083.517116	2298.09494	2077.310347	1951.439923	2362.239916	2535.946751	1671.0978	1738.273727	2010.057265	1449.809788	1721.935283	1460.394892	2139.950712	2177.270758	1880.03334	2092.685154
1376.424693	1504.13479	1559.592513	1494.44858	1646.411164	1718.08108	1829.334931	1925.793642	2032.691399	1511.440852	1668.278537	1575.193039	1683.314002	2028.643167	2417.170544	1476.935475	2018.214925	2488.925192	2155.308315	2714.463859	2843.07814	1642.297478	1963.811879	2050.893202	1530.496178	1568.368154	1793.395228	1859.897944	2183.880373	2078.696358	766.6192173	984.6264714	1037.578198	2390.907157	1556.731391	2318.897813	2016.625269	1150.565419	1377.392274	1802.523949	2317.144023	1347.099155	1407.05969	1366.049179	1294.196377	1973.943543	1751.500127	1850.967293	1856.784251	2125.184053	1365.358411	1694.808192	1656.907384	1705.685236	1837.042447	1750.333158	2165.663451	2100.710157	2117.042869	2236.603521	2193.621851	2442.286609	2518.871977	2615.91627	2969.034363	2654.097768	2198.691344	2563.928308	2792.211613	2659.722078	3009.134869	2213.823846	2352.768211	2219.743135	2549.032888	2022.73334	2321.292855	2157.310321	825.7755069	1174.934492	2869.623857	2840.64416	1605.88088	1865.499331	2082.38102	2298.009346	2077.952691	1949.514578	2359.661049	2541.204113	1674.884074	1733.895879	2003.38972	1449.685954	1723.674198	1462.856886	2142.585727	2174.352674	1889.247742	2092.285114
1386.081098	1513.699221	1573.806947	1498.989297	1651.063216	1728.497211	1836.868901	1937.531126	2046.702649	1511.655531	1666.475319	1578.66363	1681.27259	2038.257053	2426.21729	1480.585659	2013.422365	2489.261623	2159.855329	2716.134326	2845.014196	1639.550037	1967.337265	2051.557289	1526.863192	1569.609647	1798.039501	1868.743814	2183.485855	2090.829824	769.5190158	980.4759706	1036.615565	2387.852427	1558.920191	2324.594514	2024.083458	1150.526093	1381.326034	1805.848177	2314.044516	1350.709754	1408.733653	1377.68279	1301.002911	1985.974305	1749.75071	1850.636037	1870.791636	2135.631399	1363.900315	1704.48483	1662.485191	1711.660221	1847.187284	1763.279558	2177.293954	2113.043474	2114.587897	2245.994344	2203.257083	2439.274658	2537.9187	2632.306934	2977.839435	2665.379397	2205.499016	2570.11133	2800.676385	2668.114403	3017.56827	2218.658308	2364.460998	2221.100784	2558.367556	2020.844425	2327.652153	2166.931775	828.9888223	1173.522304	2876.820829	2838.283811	1611.751286	1864.272369	2092.424921	2300.083781	2084.536136	1955.949674	2366.527544	2541.943998	1673.821211	1724.424798	2001.904665	1453.670613	1724.606812	1470.029948	2150.18815	2184.235728	1898.054114	2103.83794
1387.586297	1508.336737	1578.460089	1497.123898	1654.048409	1736.018339	1832.514935	1935.958795	2049.624881	1512.176202	1662.99321	1577.609988	1680.805869	2040.23115	2423.488679	1479.293811	2011.44205	2479.486109	2169.534903	2720.511142	2845.223754	1634.076106	1962.814447	2048.723556	1526.568772	1560.842664	1791.081102	1868.426693	2188.574279	2087.939146	768.5793781	979.369134	1033.52301	2380.543657	1552.84729	2332.994278	2029.418526	1145.898215	1378.733156	1803.719204	2306.654229	1352.096099	1403.883959	1376.656989	1292.951698	1982.092061	1741.290956	1837.594903	1875.149994	2144.601442	1374.024506	1700.860074	1663.890625	1714.377325	1848.506063	1768.975486	2180.03043	2116.917154	2122.783569	2244.724993	2197.465259	2432.408103	2536.13407	2629.10929	2978.602412	2666.384537	2204.531273	2568.479936	2795.16635	2668.763223	3020.561538	2209.586781	2357.518605	2222.164691	2561.882698	2011.099488	2327.495897	2165.307869	826.456745	1169.940184	2871.968471	2823.38414	1601.935761	1855.179245	2087.644569	2289.625087	2090.049861	1952.302617	2369.005625	2540.418532	1671.317662	1722.760439	2003.3162	1454.493488	1724.92175	1473.263399	2150.762772	2172.27812	1902.936782	2111.210435
1383.684307	1497.249838	1578.535958	1490.638343	1657.875799	1749.770395	1840.067927	1935.867923	2063.773062	1519.770487	1667.756665	1581.882144	1677.283907	2044.032726	2421.28506	1469.616043	2001.328325	2464.249164	2172.191865	2730.451463	2840.389657	1621.680878	1953.807343	2049.113997	1525.811257	1549.605502	1790.670722	1859.198582	2184.137896	2080.255959	765.5586683	980.8267245	1029.648699	2356.38287	1549.657956	2343.50776	2031.453071	1149.354129	1381.34742	1807.917158	2302.895844	1351.571908	1400.250098	1380.366731	1295.207324	1984.267118	1728.626319	1831.814509	1894.978221	2158.969909	1366.806047	1692.142387	1662.282957	1714.769948	1856.472477	1781.16425	2184.052811	2132.310893	2130.331194	2247.781784	2206.282214	2427.56739	2533.680452	2621.186334	2974.278519	2667.361236	2205.771875	2565.065349	2775.158031	2664.562742	3027.081091	2196.80044	2351.725436	2240.096125	2571.283276	2004.553029	2332.175672	2159.088718	828.3895718	1175.158615	2861.462494	2797.152745	1603.612455	1851.60415	2094.865321	2274.461187	2096.73015	1947.48123	2382.514051	2548.305507	1666.956412	1731.510482	2012.874165	1455.556975	1724.292305	1474.072967	2157.719316	2171.652339	1915.757652	2137.569453
1377.70879	1495.375678	1593.383756	1492.565603	1658.056634	1776.660541	1851.678556	1940.301312	2070.681223	1525.541343	1672.725829	1581.771096	1674.466331	2049.284175	2420.885664	1470.333627	1999.184174	2467.093913	2171.014388	2739.592014	2851.720846	1620.352454	1961.224274	2044.10719	1524.494915	1549.446369	1784.191865	1853.268014	2184.011334	2076.611285	769.8024875	980.6696006	1028.217131	2340.562926	1545.989693	2349.62484	2040.49303	1152.009361	1377.77278	1810.400714	2303.834654	1347.617298	1399.708792	1386.823655	1293.575309	1988.767322	1723.036466	1831.892068	1900.292341	2168.935272	1367.728235	1695.737117	1667.374812	1723.395467	1867.919045	1807.398029	2194.811677	2148.267184	2130.126249	2239.636613	2191.025437	2412.8341	2526.83671	2630.015012	2987.017494	2668.837454	2214.075184	2576.865824	2773.902794	2658.16362	3049.381503	2181.79904	2360.376209	2260.581147	2567.866535	1999.942797	2328.956949	2162.35963	829.8913624	1176.966203	2848.215796	2777.234486	1605.403531	1859.62982	2092.467692	2256.409299	2099.301381	1939.283231	2387.644376	2559.407345	1671.945145	1735.441664	2029.196889	1448.893158	1724.230167	1485.159867	2164.745374	2165.014011	1926.002524	2161.565163
